id_people,first_name,last_name,email,gender,language,company_name,department
1,Ranice,McLice,rmclice0@a8.net,Female,,"Beahan, Lynch and Ankunding",Legal
2,Netta,Peatman,,Female,Yiddish,Schuppe-Zboncak,Research and Development
3,Dalston,Pretorius,dpretorius2@hc360.com,Male,Marathi,"Turner, Stehr and Schimmel",Business Development
4,Vale,Castanone,vcastanone3@artisteer.com,Male,Tswana,Lebsack LLC,Human Resources
5,Alma,Bullerwell,abullerwell4@facebook.com,Female,Danish,Grimes Group,Support
6,Keven,Pinchen,kpinchen5@army.mil,Male,Māori,"Bartell, Gleichner and Fisher",Research and Development
7,Krispin,Stainton,kstainton6@geocities.jp,Male,Ndebele,"Waters, Buckridge and O'Reilly",Support
8,Justine,Pamphilon,jpamphilon7@php.net,Female,Bosnian,,
9,Barnaby,Staunton,bstaunton8@netlog.com,Male,Telugu,,
10,Stu,Pacey,spacey9@over-blog.com,Male,,"Gulgowski, Klein and Jast",Business Development
11,Fletcher,Welchman,fwelchmana@hhs.gov,Male,Bulgarian,"Doyle, Kling and Corkery",Engineering
12,Ignatius,Emons,,Male,English,Hermiston-Lynch,Training
13,Lari,Matveiko,lmatveikoc@xinhuanet.com,Female,Swati,"Hahn, Zieme and Leffler",Business Development
14,Jody,Laybourn,jlaybournd@bbb.org,Female,Ndebele,,
15,Monte,Kovacs,mkovacse@ibm.com,Male,Māori,,
16,Mirella,Jouandet,mjouandetf@facebook.com,Female,Polish,,
17,Marcy,Gardner,mgardnerg@salon.com,Female,,Nicolas and Sons,Support
18,Wald,Attarge,wattargeh@friendfeed.com,Male,German,,
19,Eberto,Brazear,ebrazeari@samsung.com,Male,Sotho,Abshire-White,Business Development
20,Orin,MacDiarmond,omacdiarmondj@tumblr.com,Male,New Zealand Sign Language,"Turcotte, Eichmann and Kassulke",Business Development
21,Elbert,Sposito,espositok@1688.com,Male,Estonian,,
22,Ramsay,Broadnicke,rbroadnickel@4shared.com,Male,Armenian,Rodriguez-Jacobi,Sales
23,Lita,Norvel,lnorvelm@ameblo.jp,Female,Maltese,Lindgren-Cremin,Services
24,Ewen,Britian,ebritiann@kickstarter.com,Male,,Harris-Walker,Product Management
25,Kynthia,Budnik,kbudniko@newyorker.com,Female,Quechua,Wintheiser-Ruecker,Support
26,Thaine,Kerrich,,Male,Croatian,Bode-Ledner,Marketing
27,Graeme,Maasz,gmaaszq@bloglovin.com,Male,Tetum,Rutherford LLC,Support
28,Maggie,Iacabucci,miacabuccir@pen.io,Female,Greek,,
29,Lin,Hallett,,Male,Yiddish,"Hoeger, Heller and Lueilwitz",Legal
30,Kristopher,Elgee,kelgeet@ow.ly,Male,Tswana,,
31,Arvie,Lill,alillu@youku.com,Male,Burmese,Wisoky-Bergstrom,Sales
32,Lilla,Craske,lcraskev@51.la,Female,Finnish,Bode-Jakubowski,Training
33,Thurston,Stoker,tstokerw@mediafire.com,Male,Hungarian,Luettgen Inc,Business Development
34,Anthiathia,Mussard,amussardx@dropbox.com,Female,Greek,Barrows-Gorczany,Product Management
35,Clint,Batrim,cbatrimy@shutterfly.com,Male,Telugu,"Walsh, Wolf and Bogan",Legal
36,Gray,Iddons,giddonsz@disqus.com,Female,Haitian Creole,"Lindgren, Klocko and Hudson",Sales
37,Patty,Allery,pallery10@census.gov,Male,Malayalam,Pfeffer LLC,Training
38,Camel,Hyams,chyams11@bravesites.com,Female,Oriya,Mayer Inc,Marketing
39,Gaven,Scothorne,gscothorne12@plala.or.jp,Male,Tsonga,"Brown, Jacobson and Wiza",Support
40,Harris,Eggerton,heggerton13@opensource.org,Male,Gujarati,Wilderman Group,Support
41,Nady,Okill,,Female,Hebrew,Toy-Ziemann,Research and Development
42,Johnna,Eyres,,Female,Portuguese,Johnston-Pollich,Engineering
43,Brit,Giacomi,bgiacomi16@dmoz.org,Female,Dutch,Russel-Torphy,Sales
44,Baily,Condit,bcondit17@lulu.com,Male,New Zealand Sign Language,Koch Inc,Sales
45,Bili,Gaucher,,Female,,,
46,Ginnie,Crooke,gcrooke19@google.com.hk,Female,Punjabi,,
47,Raynard,Rowston,,Male,Spanish,,
48,Lorry,Loncaster,lloncaster1b@go.com,Male,Telugu,,
49,Emmanuel,Gronaver,egronaver1c@cnn.com,Male,Punjabi,"Fay, Beier and Baumbach",Human Resources
50,Aharon,Ivimey,,Male,New Zealand Sign Language,"Koepp, Kub and Kuhic",Business Development
51,Freddie,Grocock,fgrocock1e@mapy.cz,Male,Papiamento,Huels-Brakus,Legal
52,Lorena,Signore,lsignore1f@vinaora.com,Female,Nepali,Torp-Nicolas,Product Management
53,Truda,Wickie,twickie1g@craigslist.org,Female,Kazakh,Deckow-Runolfsson,Accounting
54,Shellie,Fritche,sfritche1h@reverbnation.com,Female,Swedish,Okuneva-Sanford,Services
55,Doralia,Eye,deye1i@163.com,Female,,,
56,Edan,Aggas,eaggas1j@usgs.gov,Male,German,Orn LLC,Legal
57,Dimitri,Caldes,dcaldes1k@nhs.uk,Male,Northern Sotho,Rohan LLC,Sales
58,Aliza,Skillman,askillman1l@spotify.com,Female,Hindi,,
59,Tracie,Whitley,twhitley1m@ibm.com,Male,Polish,,
60,Gwenneth,Woodburne,gwoodburne1n@unicef.org,,,,
61,Jacinthe,Lishman,,Female,Pashto,"Mann, Gutkowski and Lindgren",Sales
62,Aron,Mackro,amackro1p@odnoklassniki.ru,Male,French,Lubowitz Inc,Sales
63,Florette,Gonsalvez,fgonsalvez1q@vimeo.com,Female,Mongolian,"Becker, Moen and Doyle",Training
64,Sarina,Abramson,sabramson1r@oakley.com,Female,Tetum,"Daniel, Klein and Murphy",Research and Development
65,Sande,Kilmaster,skilmaster1s@google.co.uk,Female,Assamese,"Morissette, Reilly and Dickinson",Sales
66,Kizzee,Sabine,,Female,Italian,"Monahan, Corwin and Reilly",Product Management
67,Clevey,Crosser,ccrosser1u@amazon.co.uk,Male,Hiri Motu,Ward-Maggio,Sales
68,Arliene,Wythill,awythill1v@ning.com,Female,German,Koch-Bayer,Support
69,Hillard,O'Shea,,Male,Thai,"Hills, Mayert and Pagac",Accounting
70,Cissy,Dewfall,cdewfall1x@taobao.com,Female,Swedish,"Price, Bahringer and Wolf",Training
71,Eddy,Armit,earmit1y@unblog.fr,Male,Albanian,Medhurst Inc,Support
72,Gabriello,Powles,gpowles1z@ustream.tv,Male,,,
73,Gusta,Humberstone,ghumberstone20@phpbb.com,Female,Khmer,Christiansen-Gutmann,Legal
74,Doug,Zamudio,,Male,Malayalam,,
75,Pearline,Jouanet,pjouanet22@cyberchimps.com,Female,Hebrew,Pagac Inc,Support
76,Merwyn,Sinkins,msinkins23@eepurl.com,Male,Armenian,,
77,Veronica,Domenge,vdomenge24@si.edu,Female,Persian,"Bauch, Robel and Krajcik",Engineering
78,Hobie,Batter,hbatter25@google.cn,Male,Georgian,"Gibson, Bartoletti and Haley",Training
79,Martin,Breem,,Male,Bislama,,
80,Caren,Van Der Walt,cvanderwalt27@goo.gl,Female,Dutch,,
81,Tedda,Diamant,,Female,Icelandic,Heller-Heaney,Research and Development
82,Elva,Gregolin,egregolin29@youtube.com,Female,Croatian,,
83,Gav,Mathelon,gmathelon2a@techcrunch.com,Male,Mongolian,,
84,Daisey,McFarland,dmcfarland2b@engadget.com,Female,New Zealand Sign Language,"Wiza, Wilderman and Predovic",Engineering
85,Jenifer,Savary,jsavary2c@live.com,Female,Sotho,Wyman LLC,Business Development
86,Lucila,Arnaut,larnaut2d@admin.ch,Female,Swedish,"Schinner, Pfannerstill and Schultz",Product Management
87,Lissa,Epps,lepps2e@sphinn.com,Female,,"Smith, Powlowski and Marquardt",Training
88,Clerc,Searchfield,csearchfield2f@constantcontact.com,Male,Belarusian,,
89,Chiquia,Goodnow,cgoodnow2g@cnn.com,Female,Hiri Motu,Kulas Group,Training
90,Michelina,Stedson,mstedson2h@stanford.edu,Female,Greek,"Dooley, Kirlin and Ondricka",Research and Development
91,Lillis,Ronald,lronald2i@upenn.edu,Female,Catalan,"Kub, Windler and Bogisich",Accounting
92,Swen,Halfacre,shalfacre2j@weibo.com,Male,Aymara,,
93,Sander,Horbart,shorbart2k@dyndns.org,Male,Belarusian,Beier-Beier,Services
94,Ladonna,Mynett,lmynett2l@bigcartel.com,Female,Guaraní,Ferry-Quitzon,Business Development
95,Kelcey,Glendining,kglendining2m@topsy.com,Female,Gujarati,,
96,Fan,Puden,fpuden2n@amazon.com,Female,Italian,Schowalter and Sons,Legal
97,Rheta,Baroc,rbaroc2o@paginegialle.it,Female,Moldovan,Ratke-Upton,Legal
98,Ursulina,Craighall,,Female,Albanian,"Reichert, Gorczany and Carroll",Accounting
99,Cristal,Jozaitis,cjozaitis2q@dropbox.com,Female,Belarusian,,
100,Stefan,Ivakhnov,sivakhnov2r@discovery.com,Male,Georgian,Herman-Cormier,Legal
101,Emmie,Battisson,ebattisson2s@google.nl,Female,Malagasy,,
102,Mellicent,Bernucci,mbernucci2t@hhs.gov,Female,Swedish,Prosacco-Auer,Sales
103,Neilla,Kenvin,nkenvin2u@reverbnation.com,Female,Gagauz,"Ferry, Bernier and Considine",Engineering
104,Hersch,Livingstone,hlivingstone2v@blogspot.com,Male,Assamese,,
105,Maximo,Telfer,mtelfer2w@unesco.org,Male,Chinese,,
106,Diann,Kubala,,Female,Latvian,Runte Inc,Product Management
107,Keely,Flobert,kflobert2y@state.tx.us,Female,Maltese,,
108,Boyd,Girardot,,Male,Malagasy,Blick-Thiel,Training
109,Fawn,Groomebridge,fgroomebridge30@github.io,Female,Portuguese,Purdy-Parker,Accounting
110,Allyson,Vertigan,avertigan31@dagondesign.com,Female,,Hackett Inc,Legal
111,Niki,Jellman,njellman32@nih.gov,Female,Lao,Stark Inc,Engineering
112,Benjy,Hagger,bhagger33@woothemes.com,Male,Guaraní,"Doyle, Huels and Heathcote",Support
113,Yance,Tooth,ytooth34@rakuten.co.jp,Male,,Hettinger Inc,Services
114,Saxe,Venard,svenard35@cnn.com,Male,Quechua,"Waelchi, Daniel and Stroman",Marketing
115,Jonathon,Sture,jsture36@google.pl,Male,,"Schiller, Lowe and Kuphal",Product Management
116,Hendrick,Quinnelly,hquinnelly37@altervista.org,Male,Irish Gaelic,,
117,Rafaellle,Armour,rarmour38@constantcontact.com,,Dutch,"Hayes, Crona and Walker",Research and Development
118,Cherilyn,Newton,cnewton39@independent.co.uk,Female,Pashto,"Farrell, Harris and Huel",Human Resources
119,Gerrard,Jenkyn,gjenkyn3a@china.com.cn,Male,Indonesian,Quitzon-Nienow,Services
120,Harv,Allcock,hallcock3b@yellowbook.com,Male,Guaraní,"Pagac, Botsford and Morissette",Research and Development
121,Hildy,Ashingden,hashingden3c@histats.com,Female,Croatian,,
122,Eziechiele,Bunhill,ebunhill3d@netscape.com,Male,Nepali,,
123,Ian,McGrudder,imcgrudder3e@artisteer.com,Male,Korean,Marvin-Mitchell,Training
124,Keary,Smeall,,Male,Hebrew,,
125,Tanhya,Severwright,tseverwright3g@sitemeter.com,Female,Hebrew,"Mann, Lubowitz and Conroy",Business Development
126,Lucine,Seiler,lseiler3h@cisco.com,,Chinese,Bernier Group,Accounting
127,Norbert,Bolsover,nbolsover3i@home.pl,Male,Assamese,"Armstrong, Farrell and Carroll",Engineering
128,Corrie,Pinck,,Male,Chinese,"Ondricka, Hauck and Considine",Marketing
129,Valene,Van Brug,vvanbrug3k@cloudflare.com,Female,Irish Gaelic,,
130,Reeta,Menpes,,Female,,"Runte, Littel and Russel",Human Resources
131,Lisetta,Hebbes,lhebbes3m@timesonline.co.uk,Female,Kannada,Ernser-Zieme,Research and Development
132,Arlen,Witherup,awitherup3n@mtv.com,Female,Ndebele,Windler Inc,Engineering
133,Hetti,Tomczak,htomczak3o@csmonitor.com,Female,,"Mueller, Tromp and Stehr",Legal
134,Marilin,Kettles,mkettles3p@cloudflare.com,Female,Bengali,Abernathy and Sons,Legal
135,Leeanne,Cockburn,lcockburn3q@zimbio.com,,Quechua,Nicolas LLC,Business Development
136,Farlee,Weatherley,fweatherley3r@4shared.com,Male,,Pouros and Sons,Marketing
137,Humfrid,Brawley,,Male,Montenegrin,Terry-Buckridge,Product Management
138,Lorelei,Parsand,lparsand3t@webmd.com,Female,Oriya,"Terry, Bartoletti and Hodkiewicz",Product Management
139,Kass,Culy,kculy3u@ftc.gov,Female,Quechua,Hills-Weber,Human Resources
140,Zuzana,Wedgwood,,Female,Dzongkha,Donnelly-Reilly,Legal
141,Weidar,Limpenny,wlimpenny3w@facebook.com,Male,Kurdish,Cronin Inc,Sales
142,Daisi,Roxbrough,,Female,Portuguese,White Group,Services
143,Delmar,Igoe,digoe3y@cyberchimps.com,Male,,,
144,Enrica,Kubicki,ekubicki3z@npr.org,Female,Japanese,Feest-Medhurst,Support
145,Alessandro,Tregona,atregona40@gravatar.com,Male,Albanian,Stanton Group,Research and Development
146,Gerrie,Pirelli,,Female,German,Aufderhar-Klein,Marketing
147,Chen,Stodit,cstodit42@merriam-webster.com,Male,Telugu,Heidenreich Group,Services
148,Celestyn,Basson,cbasson43@ask.com,Female,Catalan,Cronin Inc,Product Management
149,Giovanna,Borham,gborham44@google.it,Female,Gagauz,Stracke Group,Engineering
150,Tabitha,Lampaert,tlampaert45@amazon.co.jp,Female,Arabic,"Rath, Jacobson and Larson",Research and Development
151,Carlotta,Barbey,cbarbey46@shareasale.com,Female,West Frisian,,
152,Thoma,Doghartie,tdoghartie47@microsoft.com,Male,,"Champlin, Stokes and Quitzon",Support
153,Dew,Gregoire,dgregoire48@constantcontact.com,Male,Amharic,Prosacco-Bayer,Legal
154,Roz,Thomasset,rthomasset49@sfgate.com,Female,Tsonga,Predovic-Huel,Sales
155,Alyce,Concklin,aconcklin4a@pbs.org,Female,,Schumm LLC,Accounting
156,Ken,Perez,kperez4b@gov.uk,Male,Chinese,Conroy-Koelpin,Research and Development
157,Davide,Franklin,dfranklin4c@wisc.edu,Male,Pashto,"Considine, Schaefer and Rolfson",Human Resources
158,Olenolin,Brearton,obrearton4d@com.com,Male,Irish Gaelic,,
159,Christy,Robiou,,Male,Japanese,"Waelchi, Rodriguez and Morar",Marketing
160,Gwen,Grimes,ggrimes4f@domainmarket.com,Female,,Emmerich-Block,Research and Development
161,Carlita,Crouch,ccrouch4g@flickr.com,Female,Telugu,,
162,Osmond,Kinvan,okinvan4h@prweb.com,Male,Dari,"Kuhn, Mraz and Dare",Services
163,Henri,O'Lagene,holagene4i@sitemeter.com,,Latvian,Bahringer-Mann,Engineering
164,Skippy,Wolpert,,Male,Dzongkha,"Hartmann, Shields and Huel",Engineering
165,Yancy,Nicolson,,Male,Polish,,
166,Shurwood,Axell,,Male,Romanian,"VonRueden, Hansen and Conroy",Legal
167,Ewell,Everix,eeverix4m@state.gov,Male,Dari,"Aufderhar, Mills and Abbott",Accounting
168,Myer,Westbrook,,Male,,"Skiles, Upton and Fritsch",Sales
169,Erminia,Dhennin,,Female,Catalan,,
170,Matt,Wyse,mwyse4p@lycos.com,Male,Chinese,Bartoletti LLC,Marketing
171,Saxon,Cron,scron4q@netlog.com,Male,Maltese,,
172,Yorgo,Rootes,yrootes4r@tamu.edu,Male,Afrikaans,,
173,Rinaldo,Smissen,rsmissen4s@skyrock.com,Male,Korean,"Bartoletti, Willms and Dibbert",Engineering
174,Noni,Wint,nwint4t@odnoklassniki.ru,Female,,,
175,Clayton,Mullins,cmullins4u@icio.us,Male,Armenian,,
176,Belia,O'Sheeryne,bosheeryne4v@arizona.edu,Female,Dari,Hettinger-Corwin,Marketing
177,Zedekiah,Efford,zefford4w@yellowbook.com,Male,Moldovan,Crist-Dickens,Engineering
178,Andriette,Hulle,ahulle4x@cbslocal.com,Female,Thai,,
179,Christy,Medgewick,cmedgewick4y@reuters.com,Male,Malayalam,"O'Connell, Bogan and Konopelski",Business Development
180,Gael,Chambers,gchambers4z@webmd.com,Male,Bosnian,"Jakubowski, Bartoletti and Dietrich",Engineering
181,Elwin,MacKissack,emackissack50@theatlantic.com,Male,Somali,Feeney-Legros,Services
182,Gerry,Vuittet,gvuittet51@spiegel.de,Male,French,,
183,Wainwright,Duggan,wduggan52@seattletimes.com,Male,Papiamento,"Dickens, Reynolds and Lockman",Support
184,Ammamaria,Regis,aregis53@microsoft.com,Female,Kannada,,
185,Tori,Icom,ticom54@lycos.com,Female,Filipino,,
186,Donetta,Janning,,Female,Kyrgyz,,
187,Somerset,Treuge,streuge56@si.edu,Male,Icelandic,,
188,Merrily,Pierucci,mpierucci57@umn.edu,,,"Smith, Olson and Bartoletti",Engineering
189,Hercule,Nasi,hnasi58@yolasite.com,Male,Pashto,Doyle-Osinski,Accounting
190,Lemar,Lundberg,,Male,Hungarian,"Hilll, Sporer and Beatty",Engineering
191,Dita,Corey,dcorey5a@live.com,Female,Indonesian,,
192,Nannette,Cordeiro,ncordeiro5b@alibaba.com,Female,Maltese,Goyette-Balistreri,Accounting
193,Stefan,Inseal,sinseal5c@cyberchimps.com,Male,Korean,Beer LLC,Training
194,Gene,Bolderstone,,Female,Zulu,Bednar-Feil,Support
195,Waylan,Guerner,wguerner5e@tiny.cc,Male,Swedish,"Weissnat, Fahey and Jacobi",Sales
196,Halsey,Everingham,heveringham5f@cocolog-nifty.com,Male,Korean,Hoeger Group,Research and Development
197,Friedrick,Cockle,fcockle5g@redcross.org,Male,French,,
198,Staci,Bellhanger,sbellhanger5h@delicious.com,Female,Dari,"Donnelly, Hammes and Bruen",Engineering
199,Pincus,Camellini,pcamellini5i@theglobeandmail.com,Male,,Kulas Group,Marketing
200,Kiley,Eggle,keggle5j@skype.com,Female,Swedish,Aufderhar-Frami,Research and Development
201,Lark,Measey,lmeasey5k@amazon.co.uk,Female,German,"Boyle, Thompson and Frami",Training
202,Brianna,Averill,baverill5l@state.tx.us,Female,Lithuanian,Marks-Little,Research and Development
203,Raddy,Sunley,rsunley5m@dyndns.org,Male,New Zealand Sign Language,,
204,Harwell,Measen,hmeasen5n@people.com.cn,Male,Luxembourgish,Quitzon-Hane,Services
205,Kermie,McGrane,kmcgrane5o@nyu.edu,Male,Azeri,"Grimes, Gerhold and Treutel",Research and Development
206,Linzy,Seawell,,Female,Lao,McLaughlin-Lueilwitz,Research and Development
207,Michale,Petkov,mpetkov5q@ox.ac.uk,Male,Azeri,Goyette Inc,Engineering
208,Donn,Wiper,dwiper5r@ebay.co.uk,Male,Nepali,,
209,Myriam,Woodson,mwoodson5s@1688.com,Female,Mongolian,Mosciski-Fisher,Support
210,Portie,Thurley,pthurley5t@instagram.com,Male,Spanish,,
211,Teador,Wakeford,twakeford5u@goodreads.com,Male,,Ratke-Mills,Accounting
212,Paddy,McNiven,pmcniven5v@prlog.org,Male,Amharic,,
213,Sol,Chaldecott,schaldecott5w@comcast.net,Male,Telugu,,
214,Augie,Simounet,asimounet5x@foxnews.com,Male,German,,
215,Oralia,Tierny,otierny5y@prweb.com,Female,Ndebele,,
216,Jeniece,Ianelli,jianelli5z@flickr.com,Female,Malagasy,Powlowski-Crooks,Human Resources
217,Colver,Brydone,cbrydone60@fc2.com,Male,Gagauz,,
218,Ruprecht,Levecque,rlevecque61@icio.us,Male,Afrikaans,,
219,Grantham,Wrathmall,gwrathmall62@time.com,Male,,"Marks, Rodriguez and Hartmann",Marketing
220,Delaney,Foakes,dfoakes63@dailymotion.com,Male,Northern Sotho,Farrell LLC,Support
221,Flori,Maletratt,,Female,Hebrew,Ferry-Abbott,Accounting
222,Cori,Bramont,cbramont65@go.com,Male,Aymara,,
223,Hermon,Dowman,hdowman66@zimbio.com,Male,Greek,,
224,Maurice,Baskeyfied,mbaskeyfied67@godaddy.com,Male,Dzongkha,Barrows-Fahey,Training
225,Butch,Hallet,,,Italian,Treutel-Waelchi,Training
226,Elspeth,Soane,esoane69@google.co.jp,Female,Belarusian,Schumm and Sons,Product Management
227,Cole,Nourse,cnourse6a@senate.gov,Male,Tetum,"Feeney, Cronin and Stroman",Services
228,Ransom,Salleir,rsalleir6b@bbb.org,Male,Thai,Crist Inc,Support
229,Remington,Manssuer,rmanssuer6c@histats.com,Male,German,,
230,Tiphany,Legerton,tlegerton6d@goo.ne.jp,Female,Korean,,
231,Reginald,Hibbart,rhibbart6e@etsy.com,Male,Swati,"Schneider, Hahn and Koepp",Accounting
232,Joelly,Salzberg,jsalzberg6f@php.net,Female,,,
233,Rosalia,Dixcey,rdixcey6g@bbc.co.uk,Female,,Stroman Group,Engineering
234,Menard,Thelwll,mthelwll6h@cam.ac.uk,Male,Korean,Pfannerstill-Hettinger,Legal
235,Daria,Petracci,dpetracci6i@engadget.com,Female,Somali,,
236,Melvyn,Morefield,mmorefield6j@indiegogo.com,Male,Pashto,,
237,Carolus,McKew,cmckew6k@unc.edu,Male,Dari,,
238,Zacharias,Gaynor,zgaynor6l@netlog.com,Male,Romanian,"Gusikowski, Crona and Larkin",Business Development
239,Ingunna,Rummins,irummins6m@sphinn.com,Female,Swedish,,
240,Tobiah,Barents,tbarents6n@yolasite.com,Male,Hungarian,"Bartoletti, Maggio and Kertzmann",Human Resources
241,Gard,Listone,glistone6o@elegantthemes.com,Male,,Mann-Hilll,Business Development
242,Shoshana,Carsberg,scarsberg6p@cbc.ca,Female,Czech,Herman Group,Research and Development
243,Jon,Rivenzon,jrivenzon6q@answers.com,Male,Georgian,Frami Group,Legal
244,Tabina,McTerry,tmcterry6r@census.gov,Female,Hungarian,O'Hara-McLaughlin,Marketing
245,Yehudit,Fishburn,yfishburn6s@webeden.co.uk,Male,Estonian,Senger-Wilderman,Research and Development
246,Beitris,Biswell,,Female,,,
247,Rita,Durman,rdurman6u@wordpress.org,Female,Luxembourgish,"Gorczany, Leffler and Parisian",Accounting
248,Annadiane,Vaney,avaney6v@purevolume.com,Female,Ndebele,Beatty Group,Research and Development
249,Patty,Andreini,pandreini6w@nymag.com,Male,Dhivehi,Torp Inc,Training
250,Kyle,Miner,kminer6x@cdbaby.com,Male,Hungarian,"Shanahan, Heidenreich and Kilback",Human Resources
251,Wilmer,Pechell,,Male,Swahili,,
252,Philip,Carrigan,,Male,,,
253,Clayborn,Poultney,cpoultney70@icio.us,Male,Thai,,
254,Randolf,Clewer,rclewer71@fema.gov,Male,Tswana,"Luettgen, Schuster and Luettgen",Research and Development
255,Ward,Groucutt,wgroucutt72@google.cn,Male,Tetum,"Schmitt, Wunsch and Howe",Legal
256,Pebrook,Humbatch,phumbatch73@bandcamp.com,Male,Tsonga,Hand-Abbott,Human Resources
257,Homer,Snooks,hsnooks74@nps.gov,Male,Malay,"Conroy, Labadie and Keeling",Business Development
258,Bertrand,Alastair,balastair75@mlb.com,Male,Ndebele,Murray and Sons,Engineering
259,Luise,Jendrys,,Female,Gagauz,,
260,Barbara,Woodyatt,,Female,Bulgarian,,
261,Alanah,I'anson,aianson78@paginegialle.it,Female,French,,
262,Booth,Prozillo,bprozillo79@hubpages.com,Male,Zulu,,
263,Koenraad,Burgum,kburgum7a@cafepress.com,Male,Luxembourgish,Hirthe Inc,Legal
264,Morgen,Brisley,,Male,Dari,,
265,Reine,Whoolehan,rwhoolehan7c@bravesites.com,Female,Kashmiri,,
266,Maurene,Bloodworthe,mbloodworthe7d@seesaa.net,Female,,,
267,Matilde,Wabersich,mwabersich7e@seesaa.net,Female,Hungarian,"Crist, Haag and Fahey",Engineering
268,Janifer,Anthoin,,Female,Maltese,"Collins, Kris and Stroman",Product Management
269,Ralph,Garioch,rgarioch7g@tmall.com,Male,Kazakh,Marks Group,Product Management
270,Archambault,Sissens,,Male,Tswana,Dare Inc,Support
271,Ron,Salery,rsalery7i@123-reg.co.uk,Male,Czech,"Beer, Emard and Schaefer",Human Resources
272,Jamie,Carneck,jcarneck7j@berkeley.edu,Female,Icelandic,,
273,Vernor,Grundey,vgrundey7k@list-manage.com,Male,Irish Gaelic,Torp-O'Conner,Engineering
274,Mordy,Garwood,,,Belarusian,"Ullrich, Gutkowski and Pouros",Legal
275,Coop,Sigfrid,,Male,Kannada,"Stokes, Wolf and Hagenes",Support
276,Allegra,Swalwel,aswalwel7n@hp.com,Female,English,"Kessler, Stanton and Runte",Product Management
277,Taite,Reinbech,treinbech7o@vimeo.com,Male,Lithuanian,Hickle Group,Business Development
278,Bonnee,Vidloc,bvidloc7p@tuttocitta.it,Female,Swedish,,
279,Cathe,Bode,cbode7q@indiegogo.com,Female,English,"Kirlin, Frami and White",Research and Development
280,Silas,Dumbar,sdumbar7r@desdev.cn,Male,Icelandic,,
281,Burr,Walklett,bwalklett7s@vinaora.com,Male,,Lang and Sons,Sales
282,Evania,Mc Meekan,emcmeekan7t@cdc.gov,Female,Polish,"Tromp, Mante and Marquardt",Business Development
283,Felicio,Hurleston,fhurleston7u@4shared.com,Male,Oriya,,
284,Rowen,Tapsell,,Male,Malagasy,DuBuque-Wunsch,Engineering
285,Laurie,Brave,,Female,Nepali,Keebler and Sons,Services
286,Tulley,Galletly,,Male,Italian,"Mitchell, Moore and Stracke",Business Development
287,Coraline,Daish,cdaish7y@slashdot.org,Female,Bislama,"Waters, Haley and Lubowitz",Product Management
288,Lucky,Henaughan,lhenaughan7z@wp.com,Female,Hebrew,,
289,Bat,Udey,budey80@goo.gl,Male,Northern Sotho,Larson LLC,Business Development
290,Etan,Londing,elonding81@un.org,Male,Danish,,
291,Dori,Possa,dpossa82@paginegialle.it,Female,Bengali,"Funk, Leannon and Beer",Business Development
292,Jordana,O'Crevy,jocrevy83@japanpost.jp,Female,Estonian,"Bosco, Williamson and Emard",Support
293,Massimiliano,Tranter,mtranter84@dot.gov,Male,Quechua,Gleichner LLC,Support
294,Karlyn,Rust,krust85@google.pl,Female,Tamil,,
295,Gustav,McDunlevy,gmcdunlevy86@so-net.ne.jp,Male,Filipino,"Hettinger, Okuneva and Christiansen",Support
296,Eleanore,McCartney,emccartney87@mail.ru,Female,Estonian,"Hagenes, Murray and Hauck",Business Development
297,Lucienne,Finneran,,Female,,Sauer-Herman,Marketing
298,Sallyanne,Ambridge,,Female,Tetum,,
299,Faydra,Tucsell,ftucsell8a@forbes.com,Female,Gagauz,,
300,Valeda,Fellos,vfellos8b@ft.com,Female,Swati,,
301,Trever,Belchamp,tbelchamp8c@surveymonkey.com,Male,Pashto,Tremblay-Schaden,Support
302,Ham,Horlock,hhorlock8d@opensource.org,Male,Punjabi,Feeney-Orn,Legal
303,Charisse,Krolik,,Female,,"West, Murray and Blanda",Services
304,Inigo,Lickorish,ilickorish8f@mashable.com,Male,Bosnian,,
305,Hussein,Kerwood,hkerwood8g@mit.edu,Male,Bosnian,Shanahan Group,Product Management
306,Lucias,Braker,,Male,Telugu,Nitzsche Inc,Accounting
307,Hewe,Aleksandrev,haleksandrev8i@prnewswire.com,Male,Romanian,Fay-Marquardt,Support
308,Eben,MacVagh,,Male,Aymara,Russel Inc,Business Development
309,Ardyce,Gencke,,Female,Nepali,,
310,Alain,Heigl,aheigl8l@blogs.com,Male,Albanian,,
311,Gipsy,Gilhooley,ggilhooley8m@blog.com,Female,Estonian,Fahey-Spinka,Sales
312,Abby,Bontine,abontine8n@fotki.com,Female,Papiamento,Lemke and Sons,Business Development
313,Cristobal,Mummery,cmummery8o@dell.com,Male,Georgian,"Lind, Nicolas and Baumbach",Accounting
314,Harper,Sedwick,hsedwick8p@bandcamp.com,Male,Portuguese,Homenick-Schulist,Business Development
315,Ashley,Rosendall,arosendall8q@nyu.edu,Male,Croatian,Green and Sons,Training
316,Paige,Covington,pcovington8r@chicagotribune.com,Female,Kurdish,,
317,Rodolphe,Malmar,rmalmar8s@free.fr,Male,,,
318,Stoddard,Baseley,,Female,Georgian,"Weber, McClure and Jenkins",Training
319,Hilde,Mathieu,hmathieu8u@uiuc.edu,Female,Chinese,,
320,Nadya,Filer,,Female,Khmer,Rohan and Sons,Marketing
321,Dedra,McCafferty,dmccafferty8w@whitehouse.gov,Female,,,
322,Mayne,Menhci,mmenhci8x@trellian.com,Male,Portuguese,,
323,Finn,Maas,,Male,Somali,Reichert Group,Support
324,Jamie,Eskriett,jeskriett8z@statcounter.com,Male,Dari,Macejkovic-Olson,Training
325,Abrahan,O'Hartagan,aohartagan90@themeforest.net,Male,Burmese,Lang-Cummerata,Services
326,Rodrique,Looker,rlooker91@liveinternet.ru,Male,Tswana,,
327,Ulick,Lorentzen,ulorentzen92@biglobe.ne.jp,Male,Tamil,"Ziemann, White and Greenfelder",Support
328,Gregoor,Truder,gtruder93@sohu.com,Male,,,
329,Isadore,Dove,idove94@opera.com,Male,English,Fay LLC,Sales
330,Trixy,Sydry,tsydry95@pbs.org,Female,,,
331,Graham,Fiveash,gfiveash96@nifty.com,Male,,,
332,Noel,Binning,nbinning97@behance.net,Male,Japanese,,
333,Lee,Kimbley,lkimbley98@yale.edu,Male,Tetum,"Pacocha, Ortiz and Flatley",Support
334,Morissa,Bryde,mbryde99@sun.com,Female,Malay,Herzog and Sons,Sales
335,Justin,Bausor,,Male,Yiddish,Gleichner-Jones,Services
336,Evin,Marages,emarages9b@pcworld.com,Male,Moldovan,,
337,Nester,Judron,njudron9c@histats.com,Male,Bulgarian,"Feil, Zemlak and Tromp",Engineering
338,Georgiana,Vakhlov,gvakhlov9d@jugem.jp,Female,Pashto,,
339,Erin,Swanborrow,,Male,Tsonga,Paucek LLC,Accounting
340,Sandor,Treleaven,streleaven9f@godaddy.com,Male,,Trantow Inc,Services
341,Amby,Norledge,anorledge9g@nbcnews.com,Male,Yiddish,,
342,Roslyn,De la Yglesia,rdelayglesia9h@nhs.uk,Female,,,
343,Starlin,Rubinsky,srubinsky9i@businessweek.com,,,,
344,Fulton,Piatek,fpiatek9j@jimdo.com,Male,,"Hoppe, Kshlerin and Torp",Human Resources
345,Rodd,Dougal,rdougal9k@biglobe.ne.jp,Male,Luxembourgish,Lakin and Sons,Human Resources
346,Eudora,Morling,emorling9l@tmall.com,Female,Lao,"Morar, Padberg and Barton",Marketing
347,Cleopatra,MacMeeking,cmacmeeking9m@about.me,Female,West Frisian,,
348,Reginauld,Kitley,,Male,,Prosacco-Rohan,Human Resources
349,Hakeem,Solomonides,hsolomonides9o@symantec.com,Male,Bengali,Glover-Corkery,Support
350,Muhammad,Balle,mballe9p@goo.gl,Male,,,
351,Dory,Daout,,Male,Punjabi,"Schumm, Hauck and Considine",Legal
352,Corabella,Dashkovich,cdashkovich9r@smh.com.au,Female,Filipino,Aufderhar Inc,Business Development
353,Clemens,Carp,ccarp9s@ucoz.com,Male,Tajik,"Larkin, Ferry and Klocko",Training
354,Alverta,Gomersall,agomersall9t@google.com.br,Female,Bengali,Marks-Kshlerin,Engineering
355,Brice,Willford,bwillford9u@infoseek.co.jp,Male,Dutch,Walter-Koss,Human Resources
356,Ashien,Burdin,aburdin9v@seesaa.net,Female,Quechua,Gulgowski-Vandervort,Support
357,Corrinne,Britner,cbritner9w@census.gov,Female,,Borer and Sons,Legal
358,Illa,Yarrow,iyarrow9x@kickstarter.com,Female,Armenian,"Goldner, Rowe and O'Hara",Business Development
359,Helli,Challen,hchallen9y@phpbb.com,Female,Hungarian,,
360,Giordano,Attenbarrow,,Male,Albanian,Bruen-Jacobs,Marketing
361,Clarabelle,Furbank,cfurbanka0@buzzfeed.com,Female,Khmer,Tromp and Sons,Business Development
362,Dynah,Cradey,,Female,Oriya,Swaniawski-Shields,Sales
363,Emmy,Spearett,espearetta2@de.vu,Male,Pashto,"Lueilwitz, Schimmel and Kihn",Product Management
364,Bidget,Spikeings,bspikeingsa3@topsy.com,Female,Papiamento,Schamberger and Sons,Legal
365,Rhodie,Brittian,rbrittiana4@nps.gov,Female,Estonian,"Lemke, Welch and Bednar",Product Management
366,Lolita,Stiggles,lstigglesa5@ihg.com,Female,Amharic,,
367,Pierette,Giovannoni,pgiovannonia6@cnn.com,Female,Haitian Creole,Glover-Bosco,Support
368,Shelton,Colbeck,scolbecka7@weather.com,Male,,,
369,Lisa,Ridsdale,,Female,Marathi,,
370,Vi,Levey,,Female,Quechua,Franecki-Pfannerstill,Human Resources
371,Lotty,Kliemann,lkliemannaa@google.com.hk,Female,Bosnian,Heller Inc,Accounting
372,Corrinne,Witz,cwitzab@washington.edu,Female,Fijian,Fahey Group,Legal
373,Taylor,Thicking,,Male,Norwegian,,
374,Arabelle,Moar,amoarad@tamu.edu,Female,Fijian,,
375,Sharlene,Feeley,sfeeleyae@comsenz.com,Female,Afrikaans,Waters Inc,Research and Development
376,Karisa,Fishpool,kfishpoolaf@indiatimes.com,Female,Malayalam,Homenick-Harris,Training
377,Mattie,Hebborne,mhebborneag@columbia.edu,Female,Armenian,Beier-Cummerata,Legal
378,Jana,Sheddan,jsheddanah@pbs.org,Female,Burmese,"Waters, Rodriguez and Effertz",Product Management
379,Paten,Aery,paeryai@gnu.org,Male,Norwegian,Cormier LLC,Legal
380,Arvy,Denison,,Male,Georgian,Keebler-Turner,Services
381,Alethea,Sedgmond,,Female,Telugu,,
382,Vivi,Luberto,vlubertoal@e-recht24.de,Female,Telugu,,
383,Cheston,Gert,,Male,Ndebele,Lynch and Sons,Sales
384,James,Conman,jconmanan@diigo.com,Male,Azeri,Kirlin-Mann,Human Resources
385,Lazaro,Toplin,ltoplinao@ed.gov,Male,Italian,,
386,Derrik,Arnaudot,darnaudotap@wunderground.com,Male,Tok Pisin,Weber LLC,Business Development
387,Aubrie,De Bernardis,adebernardisaq@example.com,Female,Malayalam,Paucek Group,Legal
388,Gasper,Blinkhorn,,,Luxembourgish,"Strosin, Mills and Jakubowski",Support
389,Tod,Hellsdon,thellsdonas@abc.net.au,Male,German,Bergstrom Group,Accounting
390,Shepperd,Benion,sbenionat@wikipedia.org,Male,Swahili,Stehr-Block,Product Management
391,Jemmy,Pryce,jpryceau@newyorker.com,Female,,,
392,Tiertza,Togher,ttogherav@storify.com,Female,Chinese,Emmerich Group,Engineering
393,Eldredge,Vittore,evittoreaw@jiathis.com,,Guaraní,Herzog Inc,Legal
394,Cecilla,Pendall,cpendallax@surveymonkey.com,Female,Danish,Herman Inc,Human Resources
395,Thaxter,Djekovic,tdjekovicay@angelfire.com,Male,,Jerde-Grady,Training
396,Redd,Chater,,Male,Dutch,,
397,Lenee,Blandamore,lblandamoreb0@hud.gov,Female,Dhivehi,Hayes LLC,Training
398,Scot,Aucutt,saucuttb1@amazon.de,Male,Luxembourgish,"Will, Beer and Boehm",Marketing
399,Tadeas,Josupeit,tjosupeitb2@unc.edu,Male,Kurdish,,
400,Stearn,Hulatt,shulattb3@mapquest.com,Male,Assamese,Schowalter and Sons,Legal
401,Erina,Cuttles,ecuttlesb4@wp.com,Female,Pashto,,
402,Michel,Borman,mbormanb5@tamu.edu,Male,Tajik,Schmitt Inc,Product Management
403,Amelita,Austick,aaustickb6@discuz.net,Female,,"Stanton, Hahn and Quitzon",Accounting
404,Dolly,McIlhatton,dmcilhattonb7@netvibes.com,Female,Marathi,"Lubowitz, Hagenes and Auer",Services
405,Kelsy,Bulfit,,Female,Lithuanian,,
406,Reuben,Eastgate,reastgateb9@eventbrite.com,Male,Indonesian,,
407,Lilla,McGunley,lmcgunleyba@google.it,Female,Catalan,Jones-Eichmann,Business Development
408,Linet,Lorraine,llorrainebb@ustream.tv,Female,Montenegrin,Donnelly LLC,Research and Development
409,Kakalina,Culwen,kculwenbc@hc360.com,Female,,,
410,Vanya,Sein,vseinbd@bbb.org,Male,Bosnian,"Hudson, Ledner and Corwin",Accounting
411,Bernelle,Robilliard,,Female,Dutch,,
412,Marcello,Romanini,,Male,Bosnian,Schmidt-Stoltenberg,Sales
413,Felice,Wint,fwintbg@slashdot.org,Male,Kannada,,
414,Daune,Drance,ddrancebh@blogger.com,Female,,Nitzsche Group,Accounting
415,Olag,Spire,ospirebi@amazon.co.jp,Male,Somali,Stehr-Barrows,Product Management
416,Pearce,Rings,pringsbj@europa.eu,Male,Albanian,"Jones, Kub and Collier",Engineering
417,Rubin,Colicot,rcolicotbk@topsy.com,Male,Tsonga,"Kovacek, Medhurst and Gorczany",Engineering
418,Webb,Whittier,wwhittierbl@boston.com,Male,,,
419,Rachele,Bracegirdle,rbracegirdlebm@ted.com,Female,Yiddish,"Volkman, Kuhlman and Frami",Services
420,Lelah,Jellman,ljellmanbn@microsoft.com,Female,Papiamento,,
421,Mikey,Lawtey,mlawteybo@friendfeed.com,Male,Quechua,,
422,Annabella,Riba,aribabp@nymag.com,Female,Romanian,"Collins, Kerluke and Cremin",Research and Development
423,Max,Ivimy,mivimybq@netlog.com,Male,Italian,Frami Group,Sales
424,Addi,Shale,ashalebr@youku.com,Female,Lao,,
425,Ximenez,Wallentin,xwallentinbs@sitemeter.com,,Swati,Ebert-Prohaska,Training
426,Rodrique,MacCostigan,rmaccostiganbt@globo.com,Male,Quechua,,
427,Aldridge,Hulland,ahullandbu@adobe.com,Male,,Stroman-Botsford,Training
428,Rowe,Oldcroft,roldcroftbv@apache.org,Female,Catalan,"Altenwerth, Franecki and Kulas",Product Management
429,Andrea,Bursnoll,abursnollbw@gravatar.com,,,Huel-Toy,Research and Development
430,Nappie,Dodman,ndodmanbx@indiegogo.com,Male,Kashmiri,"Nolan, Kirlin and Russel",Sales
431,Elwyn,Swepson,eswepsonby@google.com.hk,Male,Swedish,"Langworth, Gutkowski and Reichel",Business Development
432,Aurie,Durbyn,,Female,Azeri,Botsford-Langworth,Training
433,Dulciana,Panketh,dpankethc0@hibu.com,Female,,,
434,Ethelbert,Runnett,,Male,Gagauz,,
435,Piper,Crux,,Female,Japanese,"Quitzon, Flatley and Kihn",Product Management
436,Roosevelt,Rennebach,rrennebachc3@domainmarket.com,Male,Zulu,"Daniel, Romaguera and Strosin",Human Resources
437,Akim,Kimberly,akimberlyc4@berkeley.edu,Male,Ndebele,"Senger, Luettgen and Pfeffer",Marketing
438,Eilis,Cromley,ecromleyc5@wiley.com,Female,Tamil,Senger-Roberts,Product Management
439,Julius,Shotboulte,jshotboultec6@imgur.com,Male,Armenian,Barrows Inc,Legal
440,Gerard,Fellini,gfellinic7@google.com,Male,Polish,"Upton, Kshlerin and Wiza",Sales
441,Liane,Woollends,lwoollendsc8@fema.gov,Female,Nepali,Bergstrom Group,Accounting
442,Douglas,Carrabott,dcarrabottc9@domainmarket.com,Male,Dhivehi,,
443,Ara,Lockwood,alockwoodca@ezinearticles.com,Female,Estonian,"Ryan, Kshlerin and Jaskolski",Human Resources
444,Spike,Utridge,sutridgecb@fema.gov,Male,Gagauz,"Jenkins, Hand and Stanton",Services
445,Heall,Mouth,,Male,Tetum,Hyatt LLC,Legal
446,Vanni,McVeighty,vmcveightycd@angelfire.com,Female,Amharic,Bailey-Ledner,Training
447,Ericka,Orchart,,Female,,"Collins, Dickens and Lind",Legal
448,Julieta,Fawkes,,Female,Catalan,Thiel-Lind,Sales
449,Smitty,Duplain,sduplaincg@bing.com,,Portuguese,,
450,Kipp,Callaby,kcallabych@eepurl.com,Male,Tsonga,,
451,Odell,Stacy,ostacyci@joomla.org,Male,Greek,,
452,Coreen,Clute,cclutecj@cbsnews.com,Female,Nepali,,
453,Julian,Jahnisch,jjahnischck@mysql.com,Male,Hiri Motu,"Beatty, Borer and Wehner",Legal
454,Vivyan,Jendricke,vjendrickecl@comsenz.com,Female,Persian,,
455,Avrom,Boylan,,Male,Georgian,,
456,Artemis,Pulham,,Male,Maltese,Emard Inc,Human Resources
457,Elisha,Maso,emasoco@google.cn,Female,Haitian Creole,Bednar Group,Sales
458,Leonanie,Webbe,lwebbecp@networkadvertising.org,Female,Catalan,Jerde Group,Business Development
459,Michaella,Beine,mbeinecq@ftc.gov,Female,,"Hudson, Goyette and Bailey",Research and Development
460,Filberte,Quinby,,Male,Hindi,,
461,Roderich,Carrol,,Male,Norwegian,Maggio Inc,Legal
462,Candie,Krolle,ckrollect@foxnews.com,Female,Moldovan,,
463,Kirsti,Ellison,kellisoncu@odnoklassniki.ru,Female,Georgian,"Okuneva, Lemke and Gleason",Product Management
464,Wenona,Gernier,wgerniercv@163.com,Female,Danish,,
465,Elisha,Rosetti,erosetticw@sun.com,Male,Fijian,"Spencer, Dooley and Heller",Training
466,Orton,Peppin,opeppincx@about.me,Male,Tswana,,
467,Rea,Jilkes,rjilkescy@princeton.edu,Female,Irish Gaelic,O'Conner-Smith,Support
468,Shaw,Ellum,sellumcz@yellowbook.com,Male,West Frisian,Funk-Kuhic,Marketing
469,Guendolen,Gracewood,ggracewoodd0@mail.ru,Female,Ndebele,"Emard, Tremblay and Monahan",Engineering
470,Katharina,Smullen,ksmullend1@wordpress.com,Female,Gujarati,"Dickinson, McLaughlin and Collins",Human Resources
471,Emanuele,Busen,ebusend2@ebay.co.uk,Male,Finnish,,
472,Nathanil,Handman,nhandmand3@springer.com,Male,Sotho,Heathcote-Yost,Human Resources
473,Erskine,Ireson,eiresond4@google.es,Male,Kashmiri,Bosco-Bauch,Engineering
474,Eugenio,Renwick,,Male,Swahili,,
475,Townsend,Bussel,tbusseld6@netscape.com,Male,New Zealand Sign Language,Frami Group,Engineering
476,Peg,Stoving,pstovingd7@g.co,Female,Malayalam,VonRueden LLC,Accounting
477,Waylon,Youde,wyouded8@ask.com,Male,,Williamson-Breitenberg,Marketing
478,Clark,Santos,csantosd9@marriott.com,Male,Czech,,
479,Sergeant,Senett,,Male,Oriya,"Anderson, Bruen and Balistreri",Support
480,Bernete,Larret,,Female,Kannada,Wilkinson and Sons,Marketing
481,Stephannie,Denver,,Female,Czech,,
482,Izabel,Headingham,iheadinghamdd@networksolutions.com,Female,Kannada,Bailey Group,Engineering
483,Marcel,Mobberley,mmobberleyde@gov.uk,Male,,Stark LLC,Services
484,Stephanie,Tessington,stessingtondf@cafepress.com,Female,,"Rice, Torp and Becker",Training
485,Wendell,Diver,wdiverdg@tumblr.com,Male,Tamil,Lakin-Jast,Human Resources
486,Madison,Sillett,msillettdh@bloomberg.com,Male,Japanese,"Howe, Balistreri and Nader",Support
487,Stace,McCluney,smccluneydi@vimeo.com,Female,Italian,,
488,Wit,Pipe,,Male,Czech,,
489,Justus,Lucus,jlucusdk@craigslist.org,Male,Moldovan,,
490,Bambie,Bartleet,bbartleetdl@columbia.edu,Female,Bislama,,
491,Marlow,Hacquard,mhacquarddm@samsung.com,Male,Tamil,,
492,Ricky,Hurdidge,rhurdidgedn@berkeley.edu,Female,Burmese,,
493,Brenn,Danelut,bdanelutdo@scribd.com,,Bosnian,,
494,Austen,Luna,alunadp@dell.com,Male,Swahili,Kassulke-Schinner,Engineering
495,Sile,Brastead,,Female,Nepali,Ruecker and Sons,Sales
496,Amelia,Bechley,abechleydr@cdbaby.com,Female,Arabic,,
497,Raleigh,Bigglestone,rbigglestoneds@cocolog-nifty.com,Male,Polish,Rodriguez Group,Engineering
498,Dalston,Tyndall,dtyndalldt@usda.gov,Male,Arabic,"Rosenbaum, Grady and Torphy",Accounting
499,Eben,Emlyn,,Male,,Douglas Group,Legal
500,Edith,Vala,,Female,,"Bernier, McCullough and Luettgen",Marketing
501,Melisa,Verryan,mverryandw@scribd.com,Female,Gagauz,Lowe and Sons,Sales
502,Kettie,Lehrian,klehriandx@nyu.edu,Female,Bislama,,
503,Ulberto,Lemin,ulemindy@rambler.ru,Male,Kurdish,,
504,Bettine,Reichhardt,breichhardtdz@diigo.com,Female,Tajik,"Runolfsson, Rowe and Quigley",Sales
505,Petra,Danbi,,Female,Belarusian,,
506,Abbey,Storr,astorre1@g.co,Male,Croatian,Walker-Adams,Research and Development
507,Audrey,Forgan,aforgane2@feedburner.com,Female,Oriya,Koepp and Sons,Training
508,Janaya,Calloway,jcallowaye3@symantec.com,Female,Dutch,Wehner-Mosciski,Research and Development
509,Laurens,Ridsdole,lridsdolee4@cbc.ca,Male,,Beer-Hackett,Accounting
510,Angil,Edington,aedingtone5@purevolume.com,Female,Malay,Reilly Inc,Services
511,Rickey,Cominotti,rcominottie6@bluehost.com,Male,Gagauz,Trantow Inc,Accounting
512,Ilse,Housam,ihousame7@cbslocal.com,Female,Dzongkha,,
513,Alica,Kiessel,,Female,Moldovan,,
514,Wilek,Castles,wcastlese9@miitbeian.gov.cn,Male,Telugu,"Mills, Shields and Hackett",Sales
515,Con,Daffern,cdaffernea@etsy.com,Male,,,
516,Sherye,Coopper,scooppereb@pcworld.com,Female,Latvian,"Metz, Treutel and Jacobi",Marketing
517,Filberte,MacCoughen,fmaccoughenec@cnn.com,Male,French,,
518,Paulo,Dowderswell,pdowderswelled@cnet.com,Male,Swati,"Jakubowski, Kautzer and Schneider",Research and Development
519,Galven,Kynnd,gkynndee@aol.com,,Gujarati,Bartoletti and Sons,Engineering
520,Giles,Mustard,gmustardef@ifeng.com,Male,Japanese,Hoppe-Watsica,Marketing
521,Antoine,Naismith,anaismitheg@illinois.edu,Male,Romanian,"Marks, Davis and Berge",Accounting
522,Yance,Mundie,ymundieeh@mtv.com,Male,Arabic,,
523,Bridgette,Aldhous,baldhousei@sbwire.com,,Hebrew,,
524,Yard,Stiffkins,ystiffkinsej@goo.ne.jp,Male,Maltese,,
525,Dare,Read,dreadek@google.nl,Male,Greek,"Bogisich, Ullrich and Macejkovic",Services
526,Winthrop,Clampin,wclampinel@time.com,Male,Bosnian,Rice LLC,Marketing
527,Layton,Credland,lcredlandem@ox.ac.uk,Male,Kyrgyz,Schoen-Swift,Accounting
528,Vassily,Gealle,vgealleen@skyrock.com,Male,Portuguese,Langworth and Sons,Accounting
529,Viviene,Moorhead,vmoorheadeo@home.pl,Female,Tswana,,
530,Nikita,Postance,npostanceep@yolasite.com,Male,,Sauer-Corkery,Human Resources
531,Garwin,Allaker,gallakereq@mozilla.org,Male,Catalan,Kuvalis-O'Kon,Engineering
532,Therine,Giraldez,tgiraldezer@army.mil,Female,Malay,,
533,Mar,Chate,mchatees@ocn.ne.jp,Male,Yiddish,Streich-Howell,Product Management
534,Kiah,Khosa,kkhosaet@networksolutions.com,Female,Hindi,Wyman LLC,Marketing
535,Isacco,Kless,iklesseu@mashable.com,Male,Lithuanian,"Reichel, Corwin and DuBuque",Training
536,Gordy,MacKibbon,gmackibbonev@skype.com,Male,Marathi,,
537,Frankie,Baldung,fbaldungew@illinois.edu,Male,Belarusian,"Turner, Beier and Goldner",Research and Development
538,Winfred,Castilla,wcastillaex@123-reg.co.uk,Male,Arabic,Braun-Zieme,Business Development
539,Sara-ann,Tresise,stresiseey@qq.com,Female,Tsonga,Adams Group,Services
540,Marya,Fellenor,mfellenorez@ameblo.jp,Female,,Cassin-Gaylord,Human Resources
541,Quinn,Sare,qsaref0@amazonaws.com,Female,Romanian,Luettgen Inc,Sales
542,Chandler,Peaddie,cpeaddief1@studiopress.com,Male,Pashto,,
543,Gian,Skittrell,gskittrellf2@histats.com,Male,,Anderson-Marvin,Engineering
544,Dotty,Peert,dpeertf3@chronoengine.com,Female,Bosnian,"Powlowski, Armstrong and Klocko",Training
545,Mabelle,Hanscom,mhanscomf4@github.io,Female,Dari,Streich and Sons,Sales
546,Maximilianus,Chmarny,mchmarnyf5@amazon.co.jp,Male,Tok Pisin,Dickens Inc,Engineering
547,Reuven,Bartosiak,,Male,Swedish,"Crooks, O'Reilly and Ward",Marketing
548,Thurstan,Iron,,Male,Irish Gaelic,"Armstrong, Cruickshank and Bartell",Sales
549,Konstance,Fashion,,Female,,Zboncak and Sons,Services
550,Merry,Mattiazzo,mmattiazzof9@sohu.com,Male,Dzongkha,"Lowe, Hamill and Brakus",Support
551,Meade,Scarisbrick,mscarisbrickfa@mtv.com,Male,Latvian,,
552,Jody,Cotelard,jcotelardfb@nih.gov,Male,Tsonga,,
553,Skippie,Tampion,stampionfc@kickstarter.com,Male,Somali,Willms LLC,Support
554,Cory,Durdle,cdurdlefd@cbc.ca,Female,Dzongkha,"Doyle, Runte and Hayes",Support
555,Glenine,Biddiss,,Female,,"Heidenreich, Mohr and Bradtke",Support
556,Carena,Kondratowicz,ckondratowiczff@umich.edu,Female,Croatian,Kshlerin-Hickle,Engineering
557,Patrick,Iacovazzi,piacovazzifg@plala.or.jp,Male,Papiamento,Boehm and Sons,Training
558,Erick,Hutfield,ehutfieldfh@who.int,Male,Amharic,,
559,Prinz,Gurdon,pgurdonfi@washingtonpost.com,Male,Papiamento,"Metz, Kassulke and Ondricka",Human Resources
560,Jefferson,Rilton,jriltonfj@wordpress.com,Male,Punjabi,Walker and Sons,Human Resources
561,Edithe,Taynton,,Female,Armenian,Koch Inc,Product Management
562,Arden,Matis,amatisfl@gnu.org,Female,,Graham-Jakubowski,Research and Development
563,Addie,Mingus,amingusfm@comsenz.com,Female,Tok Pisin,,
564,Dwayne,Rollingson,drollingsonfn@squarespace.com,Male,Amharic,Funk-King,Research and Development
565,Hamish,De Ortega,,Male,Tsonga,,
566,Osborn,Roelvink,oroelvinkfp@nih.gov,Male,Romanian,Schulist-Okuneva,Services
567,Arline,Frizzell,,Female,Belarusian,"Gorczany, Armstrong and Connelly",Sales
568,Alfred,Jewks,ajewksfr@themeforest.net,Male,,"Kiehn, Torp and Turcotte",Marketing
569,Meghan,Masseo,,Female,French,"Gleason, Dickens and Stokes",Legal
570,Krishna,Sackes,ksackesft@fema.gov,Male,Albanian,,
571,Jacklin,Klemz,jklemzfu@upenn.edu,Female,New Zealand Sign Language,,
572,Rosa,Cawthera,rcawtherafv@thetimes.co.uk,Female,Guaraní,Gerlach-Hoppe,Services
573,Jarret,Lody,,Male,Mongolian,"Stracke, Heller and Armstrong",Sales
574,Auberon,Youde,,Male,Portuguese,"Carter, Rippin and Wunsch",Support
575,Meggi,Hellewell,,Female,Bengali,"McDermott, Kuhn and Douglas",Sales
576,Shayne,Flinn,,Male,Sotho,Lebsack-Bogisich,Product Management
577,Shea,Doull,sdoullg0@loc.gov,Male,Ndebele,Lakin Group,Engineering
578,Baird,Wafer,bwaferg1@123-reg.co.uk,Male,Zulu,,
579,Gaylene,Reihill,greihillg2@jigsy.com,Female,Icelandic,,
580,Zea,Bishopp,zbishoppg3@vistaprint.com,Female,Swedish,Kshlerin LLC,Accounting
581,Salmon,Manus,smanusg4@sitemeter.com,Male,,"Keebler, Davis and Keebler",Services
582,Bren,Pinnock,bpinnockg5@cbsnews.com,Female,Nepali,"Thiel, Stracke and Volkman",Human Resources
583,Geri,Emburey,gembureyg6@desdev.cn,Male,Chinese,McKenzie-Casper,Business Development
584,Brady,Cornbell,bcornbellg7@w3.org,Male,Dari,Mante-Conn,Services
585,Carey,Antognozzii,cantognozziig8@comsenz.com,Male,Hiri Motu,"Lind, Gleason and Reichel",Research and Development
586,Bradley,Bartlett,bbartlettg9@zimbio.com,Male,Gujarati,Orn-Klein,Accounting
587,Brietta,Slimme,bslimmega@scribd.com,Female,Dzongkha,Nicolas-Shanahan,Engineering
588,Birch,Hurlestone,bhurlestonegb@purevolume.com,Male,Japanese,"Nader, McLaughlin and DuBuque",Marketing
589,Herrick,Tilling,htillinggc@utexas.edu,Male,Lithuanian,,
590,Carmine,Westley,cwestleygd@typepad.com,Male,Finnish,"Donnelly, Bode and D'Amore",Services
591,Audrey,Gyde,agydege@google.com.au,Female,Croatian,,
592,Carlina,Pebworth,cpebworthgf@wisc.edu,Female,Greek,"Pacocha, Stanton and Batz",Sales
593,Gustavo,Windham,,Male,Punjabi,,
594,Margo,Krol,mkrolgh@odnoklassniki.ru,Female,Bosnian,Mraz-Kuvalis,Product Management
595,Hendrick,Grundell,hgrundellgi@netvibes.com,Male,Afrikaans,Kuhn-Senger,Support
596,Ekaterina,Kalinowsky,ekalinowskygj@rambler.ru,Female,Hiri Motu,,
597,Winston,Gass,wgassgk@gmpg.org,Male,Gagauz,"Auer, Huels and Purdy",Training
598,Elsi,Dikes,edikesgl@ameblo.jp,Female,Japanese,"Wilkinson, Dooley and Larkin",Training
599,Gracia,Lamprecht,glamprechtgm@ustream.tv,Female,Greek,"Crooks, Zulauf and Reichert",Research and Development
600,Aeriela,Aylmore,aaylmoregn@w3.org,Female,Lao,,
601,Madison,Malacrida,mmalacridago@howstuffworks.com,Male,Fijian,Hermiston LLC,Accounting
602,Ossie,Castanho,ocastanhogp@stumbleupon.com,Male,Tsonga,,
603,Gretna,Sprowell,gsprowellgq@abc.net.au,Female,Moldovan,Fisher Group,Training
604,Ranice,Wickey,rwickeygr@walmart.com,Female,French,Kuvalis-Thiel,Human Resources
605,Roman,Deane,rdeanegs@stumbleupon.com,Male,French,"Casper, Kozey and Ruecker",Services
606,Wood,Waterhowse,wwaterhowsegt@linkedin.com,Male,Moldovan,Pollich LLC,Research and Development
607,Bartholemy,Tuffrey,btuffreygu@zdnet.com,Male,Arabic,,
608,Kellen,O'Skehan,koskehangv@dropbox.com,Male,,Fisher LLC,Human Resources
609,Myron,Watsham,mwatshamgw@google.de,Male,English,Lind-Auer,Engineering
610,Danyette,Ruffles,drufflesgx@php.net,Female,Pashto,,
611,Gino,Whatman,gwhatmangy@infoseek.co.jp,Male,Guaraní,Davis LLC,Accounting
612,Pierette,Hulkes,phulkesgz@google.co.jp,Female,Luxembourgish,Bartell Group,Accounting
613,Desmond,Maccrae,dmaccraeh0@biglobe.ne.jp,Male,Swati,,
614,Layton,Pick,lpickh1@technorati.com,Male,Aymara,"Parisian, Crona and O'Conner",Services
615,Daryle,L'Archer,dlarcherh2@reuters.com,Male,Armenian,,
616,Louisette,Iffe,liffeh3@businesswire.com,Female,Quechua,"Ankunding, Crist and Gorczany",Sales
617,Cass,Maddra,cmaddrah4@facebook.com,Female,Ndebele,Gusikowski and Sons,Research and Development
618,Porter,Phillcox,pphillcoxh5@miibeian.gov.cn,Male,Kazakh,Koss-Gleichner,Human Resources
619,Poppy,Burbage,pburbageh6@blogspot.com,Female,Amharic,,
620,Davide,Largent,dlargenth7@smugmug.com,Male,Ndebele,"Morissette, Herzog and Mueller",Sales
621,Jud,Claricoates,jclaricoatesh8@51.la,Male,Hungarian,,
622,Kristofor,Manterfield,kmanterfieldh9@archive.org,Male,Zulu,Larkin-Jenkins,Engineering
623,Yorke,holmes,yholmesha@apple.com,Male,Armenian,,
624,Jolie,Plante,jplantehb@cbc.ca,Female,Swahili,,
625,Jaquenetta,Van Giffen,jvangiffenhc@cam.ac.uk,Female,Tok Pisin,Prohaska Group,Services
626,Ardith,Bluett,,Female,Luxembourgish,,
627,Vanny,Shevill,vshevillhe@ucla.edu,Female,Kyrgyz,Upton Group,Business Development
628,Brod,Spicer,bspicerhf@rakuten.co.jp,Male,Bengali,"Sauer, Lang and Friesen",Training
629,Gram,Bortolazzi,,Male,Maltese,"Wiza, Cole and Johnson",Legal
630,Dallis,Vivers,,Male,,Goldner Group,Engineering
631,Burgess,Scarisbrick,bscarisbrickhi@archive.org,Male,Yiddish,,
632,Deloris,Groven,dgrovenhj@redcross.org,Female,Nepali,,
633,Addi,Jedras,,Female,Bulgarian,"Gottlieb, Brekke and Predovic",Support
634,Vinni,Dublin,,Female,Hungarian,"Block, Howell and Turcotte",Product Management
635,Kally,Simmens,ksimmenshm@liveinternet.ru,Female,Fijian,,
636,Dorris,Blance,,Female,,Effertz-Blanda,Marketing
637,Renaud,Braam,rbraamho@usgs.gov,Male,Somali,Bins Group,Product Management
638,Melina,Bleything,mbleythinghp@bbc.co.uk,Female,Bislama,Flatley and Sons,Support
639,Trace,Egle,teglehq@cafepress.com,Male,Polish,,
640,Locke,Buddington,lbuddingtonhr@livejournal.com,Male,Belarusian,"Labadie, Labadie and Kohler",Services
641,Chrissy,Temperton,ctempertonhs@cloudflare.com,Female,Maltese,Heathcote-Rath,Services
642,Heinrick,Keen,hkeenht@ameblo.jp,Male,,"Franecki, Rutherford and Kunde",Support
643,Lynnelle,O' Finan,lofinanhu@un.org,Female,,Flatley Inc,Business Development
644,Franny,Fleckness,,Female,Kyrgyz,"Brakus, Senger and Volkman",Research and Development
645,Gena,Turton,gturtonhw@guardian.co.uk,Female,Georgian,,
646,Xavier,Whanstall,xwhanstallhx@chron.com,Male,Hebrew,,
647,Felicio,Peche,fpechehy@theatlantic.com,Male,Latvian,"Satterfield, Powlowski and Marks",Engineering
648,Gennifer,Grimsditch,ggrimsditchhz@typepad.com,Female,Hiri Motu,"Bergnaum, Halvorson and Hilll",Human Resources
649,Alair,Grzegorzewicz,agrzegorzewiczi0@aol.com,,Gagauz,"Thompson, Hoppe and Kilback",Human Resources
650,Alexis,Gilligan,agilligani1@ycombinator.com,Female,Lao,Prohaska-Borer,Accounting
651,Orson,Canada,ocanadai2@redcross.org,Male,,Breitenberg LLC,Services
652,Jonas,Deveral,,Male,Azeri,"Lubowitz, Hoppe and Lindgren",Human Resources
653,Franklin,Nolte,,Male,Japanese,Hagenes-Waters,Accounting
654,Kienan,Bertholin,kbertholini5@t-online.de,Male,Finnish,Fahey and Sons,Training
655,Darya,Lile,dlilei6@netscape.com,Female,Croatian,"Schmitt, Kessler and Kuhn",Product Management
656,Benedicta,Woodall,bwoodalli7@weibo.com,Female,Czech,"Gutmann, Kohler and Baumbach",Human Resources
657,Arlana,Screen,ascreeni8@illinois.edu,Female,Latvian,Labadie and Sons,Human Resources
658,Pat,McQueen,,Male,Assamese,,
659,Ike,McCome,,Male,Macedonian,O'Keefe Inc,Product Management
660,Robb,Mapplethorpe,rmapplethorpeib@ebay.co.uk,Male,,Wolff-Stroman,Human Resources
661,Kerry,Vannuchi,kvannuchiic@xinhuanet.com,Male,Hiri Motu,,
662,Fairfax,Haggith,,Male,Catalan,"Cronin, Pfeffer and Tromp",Research and Development
663,Dana,Gadie,,Female,Māori,Jenkins and Sons,Sales
664,Gerri,Yanele,,Female,Malayalam,,
665,Mirelle,Mary,mmaryig@buzzfeed.com,Female,Quechua,Franecki-Parker,Legal
666,Kayley,Briston,kbristonih@webnode.com,Female,Croatian,,
667,Del,Yesipov,,Male,Ndebele,Schmeler LLC,Engineering
668,Stanleigh,Dorrington,sdorringtonij@stumbleupon.com,Male,Malagasy,Wolf Inc,Accounting
669,Caryl,Schruyers,,Female,Polish,,
670,Hoyt,Warlaw,hwarlawil@moonfruit.com,Male,Swedish,Turner-Okuneva,Business Development
671,Christal,Leadbitter,cleadbitterim@photobucket.com,Female,Romanian,Dietrich Inc,Support
672,Shandeigh,Tibbetts,stibbettsin@homestead.com,Female,,Casper LLC,Services
673,Leeland,Wiggall,lwiggallio@cbsnews.com,Male,Filipino,,
674,Eldredge,Paulou,epaulouip@independent.co.uk,Male,Afrikaans,Orn Group,Support
675,Haskell,Velten,hvelteniq@vk.com,Male,Latvian,Ward-Altenwerth,Product Management
676,Ferrell,Tomblin,,Male,Chinese,Hills-Bode,Training
677,Hendrik,Rubie,hrubieis@nps.gov,Male,Afrikaans,,
678,Marj,Emmison,,Female,Czech,,
679,Nickolai,Leivers,,Male,Catalan,,
680,Caryl,Fontaine,cfontaineiv@facebook.com,Female,Armenian,Grant Inc,Sales
681,Evered,Ferrucci,eferrucciiw@baidu.com,Male,Tajik,"Jacobs, Sauer and Daniel",Marketing
682,Dix,Shiell,dshiellix@cloudflare.com,Female,Yiddish,,
683,Den,Cockaday,dcockadayiy@cbslocal.com,Male,Japanese,,
684,Torie,Whightman,twhightmaniz@trellian.com,Female,,McCullough Inc,Support
685,Robinet,Zealey,rzealeyj0@odnoklassniki.ru,Male,,Hamill LLC,Marketing
686,Krystyna,Cahan,kcahanj1@msn.com,Female,Oriya,Collier and Sons,Legal
687,Mozes,Spencers,mspencersj2@examiner.com,Male,Pashto,Keeling and Sons,Services
688,Pooh,Bisset,pbissetj3@bbc.co.uk,Male,Portuguese,,
689,Aylmar,Linley,alinleyj4@google.co.uk,Male,Nepali,"Schowalter, Brekke and Larson",Training
690,Darin,Pothergill,dpothergillj5@engadget.com,Male,Azeri,,
691,Winthrop,Heyball,wheyballj6@forbes.com,Male,New Zealand Sign Language,,
692,Decca,Corben,,Male,Bengali,,
693,Ramsay,Maddy,rmaddyj8@w3.org,Male,Tswana,Cremin Inc,Services
694,Rona,Hamflett,rhamflettj9@blinklist.com,Female,New Zealand Sign Language,"Carter, Crist and Wilderman",Training
695,Pen,Dibben,pdibbenja@phpbb.com,Female,,Kuhn-Spinka,Services
696,Willetta,Rapinett,wrapinettjb@whitehouse.gov,Female,Czech,Predovic LLC,Research and Development
697,Patrick,Pegg,ppeggjc@google.ca,Male,Indonesian,Baumbach-Trantow,Sales
698,Inger,Darnbrook,idarnbrookjd@va.gov,Male,Tok Pisin,,
699,Madeline,Myrick,mmyrickje@bbb.org,Female,Nepali,Runolfsson-Doyle,Services
700,Rebe,Dorant,rdorantjf@globo.com,Female,Zulu,"Murphy, Beer and Beier",Product Management
701,Libbie,Matysik,lmatysikjg@psu.edu,Female,Maltese,Stokes-Goyette,Legal
702,Sela,Carnson,scarnsonjh@google.de,Female,Finnish,"Stehr, Cormier and Stoltenberg",Marketing
703,Gasparo,Lightfoot,glightfootji@com.com,Male,Gagauz,,
704,Garrik,Ashdown,gashdownjj@issuu.com,Male,,Monahan-Kerluke,Training
705,Carolynn,Percy,cpercyjk@51.la,Female,Azeri,Daniel Inc,Business Development
706,Meris,Crumpe,mcrumpejl@vistaprint.com,Female,,Kautzer-Tillman,Training
707,Simmonds,Viste,svistejm@rediff.com,Male,,Welch-Cruickshank,Training
708,Thibaud,Vereker,tverekerjn@ameblo.jp,Male,Guaraní,Rosenbaum and Sons,Sales
709,Anthe,Fratczak,afratczakjo@yolasite.com,Female,Belarusian,Lemke Inc,Research and Development
710,Marty,Otson,motsonjp@telegraph.co.uk,Female,Macedonian,,
711,Rutherford,Chinn,rchinnjq@ucla.edu,Male,Luxembourgish,,
712,Adelice,Rapps,arappsjr@archive.org,Female,Estonian,Waters Group,Business Development
713,Joe,Gindghill,,Male,Nepali,Swift-Corkery,Research and Development
714,L;urette,Buse,,Female,Gagauz,"Nolan, Kihn and Lesch",Human Resources
715,Raul,Loney,,Male,Hungarian,,
716,Agosto,MacAloren,amacalorenjv@eventbrite.com,Male,Aymara,Green and Sons,Engineering
717,Annemarie,Roloff,aroloffjw@arizona.edu,Female,,D'Amore and Sons,Research and Development
718,Saxon,Mattheis,smattheisjx@angelfire.com,Male,Kazakh,Legros-Lockman,Sales
719,Robinett,Webbe,,Female,Tajik,,
720,Reg,Housecroft,rhousecroftjz@reddit.com,Male,,"Monahan, Kuhlman and Koch",Sales
721,Aida,Wiggam,awiggamk0@wikimedia.org,Female,,,
722,Suzanne,Artinstall,sartinstallk1@godaddy.com,Female,Tamil,,
723,Lucy,Skarin,lskarink2@army.mil,Female,Pashto,Mayert-Sawayn,Legal
724,Edward,Lamberti,elambertik3@nytimes.com,Male,Korean,Wolf LLC,Marketing
725,Ajay,Moroney,amoroneyk4@dion.ne.jp,Female,,,
726,Miltie,Buckhurst,mbuckhurstk5@123-reg.co.uk,Male,Tetum,,
727,Candace,Bartrap,,Female,Irish Gaelic,O'Hara-Hermann,Support
728,Angelo,Goodinge,agoodingek7@marriott.com,Male,Swedish,,
729,Tommy,Chidley,,Male,Dari,,
730,Colene,Goby,cgobyk9@mozilla.com,Female,Amharic,Nikolaus and Sons,Legal
731,Anastasia,Orpen,aorpenka@uiuc.edu,,Moldovan,Wilderman and Sons,Sales
732,Biddy,Pouck,bpouckkb@amazonaws.com,Female,Bosnian,Mante-Kreiger,Research and Development
733,Fleming,Tunesi,,Male,Bosnian,Corkery Inc,Engineering
734,Hunt,Denisevich,hdenisevichkd@ocn.ne.jp,Male,Italian,Heathcote and Sons,Legal
735,Anne-marie,Lake,,Female,Northern Sotho,"Simonis, Stehr and Kerluke",Human Resources
736,Nathanael,Baldree,nbaldreekf@ustream.tv,Male,Dhivehi,Harber Inc,Business Development
737,Cosme,Mathevon,cmathevonkg@hostgator.com,Male,Georgian,"Kuphal, Muller and Koch",Product Management
738,Pippy,Trewinnard,ptrewinnardkh@unc.edu,Female,,Quigley-Dietrich,Sales
739,Bald,Fudge,bfudgeki@webmd.com,Male,Tsonga,,
740,Kat,Cambling,,,Thai,Thompson LLC,Support
741,Dorotea,Baker,dbakerkk@shutterfly.com,,English,Hoppe LLC,Sales
742,Nilson,Harrismith,nharrismithkl@ifeng.com,Male,Polish,,
743,Putnem,Muddiman,pmuddimankm@google.cn,Male,Croatian,,
744,Myriam,Godwyn,mgodwynkn@omniture.com,Female,Tok Pisin,"Schimmel, Spinka and Brekke",Services
745,Sari,Payle,,Female,Zulu,,
746,Filberte,Jorg,fjorgkp@wired.com,Male,,"Collins, Grimes and Ziemann",Research and Development
747,Phoebe,Dimberline,,Female,German,Bahringer LLC,Services
748,Tiler,Ferrey,tferreykr@blogspot.com,Male,Tetum,Farrell Group,Research and Development
749,Daniela,Syers,dsyersks@census.gov,Female,Armenian,,
750,Pate,Shalcras,pshalcraskt@twitpic.com,Male,,Wilkinson Inc,Training
751,Midge,Shellibeer,mshellibeerku@dedecms.com,Female,Maltese,"Ebert, Wisoky and Keeling",Legal
752,Babs,Matuszyk,,Female,German,"Hessel, Gutkowski and Kovacek",Product Management
753,Waldemar,MacAnulty,wmacanultykw@mozilla.com,Male,New Zealand Sign Language,,
754,Ranna,Petricek,rpetricekkx@netscape.com,Female,Yiddish,Gutkowski-Zemlak,Support
755,Ezequiel,Clooney,,Male,Quechua,O'Connell and Sons,Product Management
756,Gill,Cummins,,Male,Spanish,"Zemlak, Nikolaus and Windler",Support
757,Conant,Fellows,cfellowsl0@reddit.com,Male,West Frisian,Schmitt-Jast,Training
758,Woody,Burmingham,wburminghaml1@instagram.com,Male,Italian,Wisoky-Toy,Research and Development
759,Raphaela,Beven,rbevenl2@ibm.com,Female,Dzongkha,Leannon Inc,Support
760,Celestia,Foli,cfolil3@last.fm,Female,Norwegian,Weber-Kuhic,Research and Development
761,Arlee,Paeckmeyer,apaeckmeyerl4@hostgator.com,Female,Yiddish,Hermiston and Sons,Services
762,Merlina,O'Cannon,mocannonl5@answers.com,Female,Telugu,"Cruickshank, Towne and Howell",Research and Development
763,Elfrieda,Glasscott,eglasscottl6@freewebs.com,Female,Yiddish,Goodwin-Collins,Engineering
764,Rochella,Waything,rwaythingl7@qq.com,Female,,"Hahn, Quitzon and Hills",Human Resources
765,Ricoriki,Pidgin,rpidginl8@reuters.com,,Latvian,Wiza Inc,Legal
766,Todd,Woolsey,,Male,Polish,,
767,Carlo,Ottosen,cottosenla@moonfruit.com,Male,,Rippin-Deckow,Research and Development
768,Ezmeralda,Resdale,eresdalelb@vkontakte.ru,Female,French,Wehner-Wehner,Engineering
769,Stuart,Downer,sdownerlc@studiopress.com,Male,Bosnian,Kirlin Group,Legal
770,Dulcia,Roome,droomeld@addtoany.com,Female,Irish Gaelic,,
771,Rickie,Knighton,rknightonle@state.gov,Male,German,Lakin-Hirthe,Research and Development
772,Reyna,Cardoe,rcardoelf@mtv.com,Female,Estonian,McLaughlin Inc,Accounting
773,Gertie,Drinkwater,,Female,Armenian,"Heller, Connelly and Veum",Services
774,Kissie,Harrow,kharrowlh@geocities.jp,Female,,,
775,Hayes,Hansana,hhansanali@nasa.gov,Male,Tswana,Keeling and Sons,Engineering
776,Fletcher,Binestead,fbinesteadlj@webnode.com,Male,Tetum,Haley-Larkin,Engineering
777,Essa,Kirrage,,Female,Afrikaans,,
778,Salaidh,Pucknell,spucknellll@examiner.com,Female,Assamese,,
779,Zelma,Beekman,zbeekmanlm@com.com,Female,Persian,,
780,Gray,Halbard,ghalbardln@creativecommons.org,Female,Northern Sotho,Bayer LLC,Legal
781,Taite,McOrkil,tmcorkillo@addtoany.com,Male,Hindi,Bradtke and Sons,Legal
782,Hildegarde,Durrand,hdurrandlp@howstuffworks.com,Female,Northern Sotho,"Collins, Huels and Smitham",Human Resources
783,Korney,Plenty,,Female,Burmese,Mante and Sons,Marketing
784,Lazar,Nutbeam,lnutbeamlr@squidoo.com,Male,Dhivehi,Greenholt-Carter,Accounting
785,Stephan,Lagne,slagnels@goo.gl,Male,Bosnian,Robel-Kiehn,Services
786,Daven,O'Breen,dobreenlt@behance.net,Male,Gujarati,Schiller-Hegmann,Human Resources
787,Siegfried,Yegorov,syegorovlu@i2i.jp,Male,Malagasy,Kreiger LLC,Human Resources
788,Giffie,Beauvais,,Male,Japanese,"Miller, Hamill and Bradtke",Sales
789,Christian,Sowrey,csowreylw@google.co.uk,Male,,,
790,Nike,Lovegrove,nlovegrovelx@youtube.com,Female,Greek,"Skiles, Swift and Carroll",Services
791,Linc,Pashan,lpashanly@apple.com,Male,Northern Sotho,"Parker, Hagenes and Daugherty",Human Resources
792,Rick,Dineen,rdineenlz@amazon.co.jp,Male,Indonesian,Langosh-Lakin,Accounting
793,Otto,Olle,,Male,Greek,Rosenbaum-Grant,Support
794,Gallagher,Schelle,gschellem1@pcworld.com,Male,,"Schuppe, Cremin and Fritsch",Support
795,Johnath,Giblett,,Female,Armenian,,
796,Issi,Canape,icanapem3@360.cn,Female,Portuguese,,
797,Rebekah,Hove,,Female,Luxembourgish,Corkery-Kuphal,Sales
798,Giffer,Hovell,ghovellm5@netlog.com,Male,Sotho,Kreiger-Legros,Product Management
799,Neysa,Bernier,,Female,Tswana,Farrell-Hudson,Product Management
800,Heath,Ambrois,hambroism7@printfriendly.com,Female,Macedonian,"Collier, Nienow and Lindgren",Services
801,Alair,Toombes,atoombesm8@a8.net,Male,,"Cummerata, Hilpert and Yost",Legal
802,Vere,Vennings,vvenningsm9@google.ca,Female,Dutch,"Tillman, Miller and Dicki",Product Management
803,Lamond,Broadis,lbroadisma@chron.com,Male,,,
804,Loutitia,Spires,,Female,Somali,,
805,Marcellus,McDyer,mmcdyermc@nyu.edu,Male,Nepali,Bins-Schmidt,Research and Development
806,Desmund,McRannell,,Male,Oriya,McGlynn Inc,Sales
807,Tracey,Borgesio,tborgesiome@theglobeandmail.com,Female,Papiamento,Schmitt Group,Research and Development
808,Muhammad,McWhinnie,,Male,Bislama,Jaskolski-Harber,Sales
809,Carolyne,Clemon,,Female,Dutch,"Boehm, Auer and O'Kon",Training
810,Douglass,Eard,,Male,Bosnian,"Lemke, Watsica and Shields",Research and Development
811,Johny,Cleever,jcleevermi@live.com,Male,Papiamento,Pouros-Block,Support
812,Pam,McGeouch,pmcgeouchmj@google.com.hk,Female,Gujarati,"Hilpert, Dickens and King",Sales
813,Budd,McCoughan,bmccoughanmk@economist.com,Male,Moldovan,Trantow-Stanton,Training
814,Cortie,Bursnall,,Male,,Conroy-Daugherty,Accounting
815,Georgi,Denzey,gdenzeymm@deliciousdays.com,Male,Montenegrin,,
816,Nolan,Yegorchenkov,nyegorchenkovmn@dagondesign.com,Male,Māori,,
817,Robinet,Robottom,rrobottommo@trellian.com,Female,Dhivehi,Yost Inc,Research and Development
818,Madelaine,Strute,,Female,Italian,"Luettgen, Sawayn and Kirlin",Accounting
819,Odelia,Janeway,ojanewaymq@over-blog.com,Female,Malagasy,Lesch-Ward,Support
820,Jenda,Elwel,jelwelmr@freewebs.com,Female,Kyrgyz,,
821,Lenka,Sharpus,lsharpusms@guardian.co.uk,Female,Catalan,,
822,Quentin,Jullian,qjullianmt@wordpress.com,Female,Portuguese,"Kihn, Rippin and Casper",Human Resources
823,Erich,Meffan,emeffanmu@exblog.jp,Male,,"Lang, Nolan and Robel",Support
824,Gannie,Wittier,gwittiermv@imgur.com,Male,Kurdish,Bartell Inc,Research and Development
825,Maxy,Larkworthy,mlarkworthymw@exblog.jp,Female,Malay,Medhurst and Sons,Services
826,Rockwell,Laister,,Male,Swahili,Zemlak LLC,Marketing
827,Tiffany,Blasing,tblasingmy@slate.com,Female,Luxembourgish,"Reichert, Crooks and Lebsack",Training
828,Winna,Jerzycowski,wjerzycowskimz@joomla.org,Female,Tok Pisin,Berge Inc,Services
829,Papagena,Malitrott,pmalitrottn0@europa.eu,Female,Polish,"Reilly, Ward and Beatty",Marketing
830,Merla,Quadri,mquadrin1@twitter.com,Female,Amharic,Lehner Group,Marketing
831,Lynnelle,Leach,lleachn2@barnesandnoble.com,Female,Bislama,"Cole, Waters and Becker",Sales
832,Delano,Tomkin,dtomkinn3@yellowbook.com,Male,West Frisian,,
833,Arleyne,Wilkenson,,Female,Albanian,,
834,Millard,Vero,mveron5@constantcontact.com,Male,Gagauz,,
835,Kimberlee,Alban,,,Italian,"Price, Gleichner and O'Kon",Research and Development
836,Lane,Siaskowski,,Female,Quechua,Klein-Mann,Sales
837,Mariejeanne,Inkpen,,Female,Amharic,"Koelpin, Glover and Keebler",Services
838,Ermina,Heisler,,Female,Gujarati,Hermiston LLC,Product Management
839,Ealasaid,Rookeby,erookebyna@harvard.edu,,Norwegian,MacGyver-Wehner,Marketing
840,Ferguson,Pettifer,,Male,Fijian,,
841,Amory,Costley,acostleync@salon.com,Male,Portuguese,,
842,Robinet,Giabuzzi,rgiabuzzind@ebay.com,Male,Malagasy,,
843,Bennett,Lagden,blagdenne@hp.com,Male,Gujarati,,
844,Durant,Amner,damnernf@blogtalkradio.com,Male,,"Watsica, Romaguera and Sauer",Marketing
845,Clerissa,Jesty,cjestyng@woothemes.com,Female,Belarusian,,
846,Eloise,Davet,edavetnh@example.com,Female,Swedish,,
847,Felizio,Crosse,fcrosseni@dot.gov,Male,Tswana,Herzog-Lind,Training
848,Lauryn,Medhurst,lmedhurstnj@dagondesign.com,Female,Nepali,Stokes and Sons,Sales
849,Beulah,Baraclough,,Female,Swahili,Marvin-Parker,Business Development
850,Bernie,Aggiss,baggissnl@dion.ne.jp,Female,Sotho,,
851,Trisha,Jirusek,,Female,Dutch,,
852,Marwin,Duffell,mduffellnn@google.pl,Male,Albanian,Russel LLC,Research and Development
853,Goran,MacEvilly,gmacevillyno@gnu.org,Male,Persian,,
854,Bettina,Ughelli,bughellinp@hao123.com,Female,Macedonian,,
855,Curcio,Paffot,cpaffotnq@oracle.com,Male,Montenegrin,,
856,Sharleen,Heffernon,sheffernonnr@toplist.cz,Female,,"Kiehn, Hessel and Kutch",Marketing
857,Orson,Alred,oalredns@ehow.com,Male,Azeri,"Schmeler, Ratke and Rowe",Legal
858,Sianna,Fritschel,sfritschelnt@wix.com,Female,Bengali,"Sipes, Walker and Waters",Business Development
859,Jodie,Gordge,,Female,Thai,Wunsch-Sawayn,Training
860,Anastasia,Dory,adorynv@cyberchimps.com,Female,Lao,"Kulas, Lebsack and Kerluke",Engineering
861,Drew,Behr,dbehrnw@utexas.edu,Male,Macedonian,Mertz-Klocko,Product Management
862,Hadrian,Dyball,,Male,Pashto,Renner and Sons,Engineering
863,Luciano,Abelwhite,labelwhiteny@technorati.com,Male,Portuguese,,
864,Zaccaria,Blackaby,zblackabynz@nba.com,Male,Haitian Creole,Crona-Walker,Sales
865,Phip,Pinwill,ppinwillo0@ycombinator.com,Male,Portuguese,Treutel-Cummings,Support
866,Marietta,Luggar,mluggaro1@artisteer.com,Female,Oriya,,
867,Benito,Piscopo,bpiscopoo2@mozilla.org,Male,Amharic,Steuber Group,Training
868,Lindy,McCue,lmccueo3@gizmodo.com,Male,Dhivehi,,
869,Corey,Cristofolini,ccristofolinio4@mapquest.com,Male,Kazakh,Bergstrom-Borer,Services
870,Korey,Daly,kdalyo5@nsw.gov.au,Male,,,
871,Basile,Kelleway,,Male,Fijian,Zemlak-White,Training
872,Ros,Ledrane,rledraneo7@harvard.edu,Female,West Frisian,Bogisich-Witting,Business Development
873,Christoph,Mingay,cmingayo8@xing.com,Male,Azeri,Ruecker-Monahan,Training
874,Freeman,Jupe,fjupeo9@deliciousdays.com,Male,Haitian Creole,"Yost, Emard and Doyle",Marketing
875,Isis,Gumey,igumeyoa@themeforest.net,Female,,"Von, White and Vandervort",Services
876,Carter,Lamers,clamersob@amazon.com,Male,Punjabi,,
877,Lizzie,Reddin,,Female,New Zealand Sign Language,Green LLC,Product Management
878,Leoine,Jest,ljestod@columbia.edu,Female,Catalan,McClure Group,Sales
879,Shawn,Ciciura,sciciuraoe@usatoday.com,Male,Hindi,"Grimes, Ullrich and Nienow",Accounting
880,Hammad,Dunmore,hdunmoreof@shareasale.com,Male,Tswana,Okuneva and Sons,Research and Development
881,Ethe,Mowle,,Male,Catalan,Hansen-Dibbert,Accounting
882,Brien,Donn,bdonnoh@opensource.org,Male,Estonian,"Kautzer, Walker and Veum",Accounting
883,Orsa,Vispo,,Female,Hiri Motu,Franecki and Sons,Accounting
884,Edgard,Barnaby,ebarnabyoj@answers.com,Male,Quechua,,
885,Georgette,McNess,gmcnessok@princeton.edu,Female,French,Torphy LLC,Product Management
886,Editha,Flay,,Female,Italian,,
887,Blanch,Curbishley,bcurbishleyom@typepad.com,Female,Yiddish,,
888,Tobe,Kither,tkitheron@sitemeter.com,Male,Afrikaans,Bruen-Dickinson,Accounting
889,Vina,Struys,vstruysoo@netvibes.com,Female,Kashmiri,Hills LLC,Product Management
890,Cleopatra,Jones,cjonesop@php.net,Female,Spanish,Rath-Schamberger,Training
891,Madelina,Petru,mpetruoq@nps.gov,Female,,,
892,Eziechiele,Widd,ewiddor@prlog.org,Male,Catalan,,
893,Mallorie,Hanmore,mhanmoreos@ameblo.jp,Female,Azeri,Cormier LLC,Human Resources
894,Aeriell,Willeson,,Female,French,Kerluke-Erdman,Marketing
895,Brendis,Ilett,,Male,Swati,Pouros Group,Sales
896,Enrique,Pfeffle,epfeffleov@ameblo.jp,,Kyrgyz,"Franecki, Wilderman and Hills",Engineering
897,Bondie,Westhofer,bwesthoferow@zdnet.com,Male,Burmese,Dooley and Sons,Support
898,Luci,McPeck,,Female,Fijian,"Oberbrunner, Weimann and McLaughlin",Legal
899,Tracie,Eyree,teyreeoy@icio.us,Female,German,Braun LLC,Accounting
900,Bernetta,Chancelier,bchancelieroz@sciencedirect.com,Female,Swedish,Leffler Group,Accounting
901,Micky,Prazer,mprazerp0@va.gov,Female,West Frisian,,
902,Yard,Dedrick,,Male,Hebrew,Sipes and Sons,Engineering
903,Zita,Darcy,zdarcyp2@microsoft.com,Female,Chinese,,
904,Klarika,Bolderstone,kbolderstonep3@huffingtonpost.com,Female,Dzongkha,,
905,Benita,Shawley,bshawleyp4@hatena.ne.jp,Female,Dari,Jakubowski LLC,Legal
906,Roanne,Marchiso,rmarchisop5@desdev.cn,Female,,,
907,Dix,Nottram,dnottramp6@soup.io,Female,Swati,,
908,Bink,Sprankling,,Male,Pashto,"Hessel, Pfannerstill and Ledner",Product Management
909,Valentijn,Gerrens,vgerrensp8@census.gov,Male,Malay,Rosenbaum and Sons,Services
910,Lorelei,Cicchelli,lcicchellip9@biglobe.ne.jp,Female,Norwegian,,
911,Giacinta,Ploughwright,gploughwrightpa@spiegel.de,Female,Latvian,,
912,Halsy,Zappel,,Male,Norwegian,,
913,Giff,McClay,gmcclaypc@soundcloud.com,Male,Dutch,"Auer, Olson and Walker",Sales
914,Lana,Teaser,lteaserpd@europa.eu,Female,Icelandic,"Haley, Kilback and Lehner",Support
915,Vilma,Massenhove,vmassenhovepe@wp.com,Female,,Hills-Frami,Product Management
916,Sebastiano,Rosborough,srosboroughpf@is.gd,Male,Pashto,Leffler and Sons,Accounting
917,Petey,Mithon,pmithonpg@columbia.edu,Male,Oriya,Brakus-Ondricka,Services
918,Arv,Ary,aaryph@wunderground.com,Male,Azeri,Ferry LLC,Sales
919,Robinet,Guitt,rguittpi@cisco.com,Female,Icelandic,Will Group,Human Resources
920,Conn,Yakuntzov,cyakuntzovpj@nsw.gov.au,Male,,Legros Group,Business Development
921,Baillie,Litzmann,blitzmannpk@earthlink.net,Male,Kannada,,
922,Liva,Dorken,ldorkenpl@godaddy.com,Female,Quechua,Daugherty and Sons,Engineering
923,Alisander,Meyer,,Male,English,Littel-Moore,Product Management
924,Andie,Hallagan,ahallaganpn@businessinsider.com,Male,French,"Ritchie, Will and Auer",Services
925,Jewelle,Houlahan,jhoulahanpo@wikipedia.org,Female,Kurdish,D'Amore-Rempel,Accounting
926,Gannie,Cranidge,gcranidgepp@miitbeian.gov.cn,Male,English,,
927,Olivero,Biaggiotti,obiaggiottipq@shinystat.com,Male,Japanese,,
928,Tommie,Gyppes,tgyppespr@weather.com,Male,Estonian,Greenholt-Adams,Research and Development
929,Bella,Longbone,blongboneps@gnu.org,Female,Bengali,Langworth-Cruickshank,Services
930,Caren,Benoix,cbenoixpt@macromedia.com,Female,Portuguese,"Gusikowski, DuBuque and Kuphal",Accounting
931,Chrystel,Quant,cquantpu@barnesandnoble.com,Female,Swati,Klocko Inc,Sales
932,Renaud,Tomich,rtomichpv@narod.ru,Male,Norwegian,"Hansen, Huels and Mertz",Accounting
933,Dell,Darleston,ddarlestonpw@archive.org,Female,Dutch,Zulauf Inc,Support
934,Jefferson,Wroath,jwroathpx@accuweather.com,Male,Luxembourgish,Boyer-Brown,Research and Development
935,Selestina,Scammell,sscammellpy@blinklist.com,Female,Swati,,
936,Wynny,Tute,wtutepz@pagesperso-orange.fr,Female,Ndebele,,
937,Halette,Meates,hmeatesq0@archive.org,Female,Papiamento,Herzog and Sons,Support
938,Dacia,Kaveney,,Female,Polish,"Denesik, Lubowitz and Turcotte",Marketing
939,Hoebart,Wooding,hwoodingq2@vistaprint.com,Male,Estonian,,
940,Shannan,Strodder,sstrodderq3@google.de,Male,Moldovan,"Considine, Terry and Gleichner",Human Resources
941,Erl,Barthropp,ebarthroppq4@utexas.edu,Male,Hiri Motu,"Lemke, Hirthe and Wiegand",Engineering
942,Barty,Twells,,Male,Nepali,,
943,Darb,Mallaby,dmallabyq6@photobucket.com,Female,,Volkman Group,Legal
944,Bud,Fullick,bfullickq7@harvard.edu,Male,Northern Sotho,Deckow-Kemmer,Accounting
945,Yuma,Vaugham,yvaughamq8@state.gov,Male,Tajik,Jones and Sons,Marketing
946,Thadeus,Leake,tleakeq9@cmu.edu,Male,Dari,,
947,Esmaria,Gallamore,egallamoreqa@vinaora.com,Female,Zulu,Ernser and Sons,Marketing
948,Yardley,Wilbraham,ywilbrahamqb@cdbaby.com,Male,Estonian,Hammes and Sons,Business Development
949,Felipe,Barden,fbardenqc@epa.gov,Male,Korean,"Collier, Predovic and Weimann",Training
950,Teddie,Coundley,tcoundleyqd@prlog.org,Female,Indonesian,Braun Inc,Product Management
951,Cooper,Whittier,,,Yiddish,,
952,Husein,Houten,,Male,Azeri,Wisoky Group,Sales
953,Gerik,Norewood,gnorewoodqg@google.com.au,Male,Bulgarian,"Runolfsson, Borer and Dare",Legal
954,Ezra,Whyborn,ewhybornqh@histats.com,Male,Armenian,Vandervort Inc,Support
955,Kathlin,Pisco,kpiscoqi@illinois.edu,Female,,"Ondricka, Klein and Zulauf",Sales
956,Catharine,McDugal,cmcdugalqj@howstuffworks.com,Female,,"Kub, Walsh and Oberbrunner",Training
957,Baxy,Segoe,bsegoeqk@seattletimes.com,Male,,Stroman Inc,Marketing
958,Irvin,Pattillo,ipattilloql@prweb.com,Male,Kurdish,,
959,Luella,MacIver,lmaciverqm@weibo.com,Female,Norwegian,Cartwright-Raynor,Marketing
960,Caleb,Holligan,cholliganqn@reddit.com,Male,Telugu,,
961,Kevin,Priddle,kpriddleqo@webnode.com,Male,Zulu,"Hayes, Flatley and Huel",Engineering
962,Cointon,Purveys,cpurveysqp@google.fr,Male,Azeri,,
963,Ronald,Aguirrezabala,raguirrezabalaqq@jiathis.com,Male,Czech,"Torp, Bechtelar and Mraz",Accounting
964,Frazier,Davitt,,Male,Bengali,Koch LLC,Services
965,Jackie,Lansdowne,jlansdowneqs@multiply.com,Male,Papiamento,Reichel-Lueilwitz,Support
966,Codie,Pettiward,,Male,Kurdish,Lockman-Jenkins,Research and Development
967,Nertie,Madelin,nmadelinqu@reuters.com,Female,Telugu,,
968,Adey,Danihelka,adanihelkaqv@myspace.com,Female,Finnish,"Johnston, Bergnaum and Nikolaus",Training
969,Gerik,Hancell,,Male,Tetum,Haley-Aufderhar,Marketing
970,Dasha,De Francisci,,Female,Sotho,Botsford-Bergstrom,Training
971,Melvin,Braunfeld,,Male,Yiddish,Hayes-McCullough,Product Management
972,Fedora,Kmieciak,fkmieciakqz@chron.com,Female,Bulgarian,Toy and Sons,Human Resources
973,Vanna,Matushevitz,vmatushevitzr0@joomla.org,Female,Portuguese,,
974,Lark,Labern,llabernr1@wisc.edu,Female,Macedonian,Fadel and Sons,Engineering
975,Yankee,Haddleston,,Male,Italian,,
976,Henderson,Haighton,hhaightonr3@prweb.com,Male,Korean,,
977,Elliot,Osboldstone,eosboldstoner4@nsw.gov.au,Male,Czech,,
978,Esteban,Southers,esouthersr5@hc360.com,Male,Bosnian,Cole Inc,Legal
979,Finn,Gail,,Male,Gagauz,Koss-Beahan,Human Resources
980,Maison,Coad,mcoadr7@patch.com,Male,Papiamento,,
981,Cathlene,Cresar,,Female,Chinese,Wehner-Littel,Engineering
982,Chrissie,Alebrooke,calebrooker9@mozilla.org,Female,Swahili,"Littel, Kutch and Grimes",Business Development
983,Edgardo,Ladbrooke,eladbrookera@marketwatch.com,Male,Hindi,Frami-Christiansen,Research and Development
984,Ashien,Vettore,avettorerb@sitemeter.com,Female,Malay,Kunde LLC,Training
985,Imelda,Adamo,,Female,New Zealand Sign Language,Fay Group,Research and Development
986,Deirdre,Edgeson,dedgesonrd@tuttocitta.it,Female,Marathi,Keeling Group,Engineering
987,Rog,Sadat,,Male,Khmer,Schroeder LLC,Engineering
988,Galven,Dunne,gdunnerf@house.gov,Male,Tetum,Fisher Group,Business Development
989,Danna,Kingshott,,Female,Swati,,
990,Faith,Cully,fcullyrh@arizona.edu,Female,Dhivehi,,
991,Dyna,Rhymes,,Female,Hebrew,,
992,Shirlee,Arran,sarranrj@vimeo.com,Female,Bengali,,
993,Read,Siney,rsineyrk@sina.com.cn,Male,Sotho,Osinski-Jast,Marketing
994,Heddie,Cristofolo,hcristofolorl@psu.edu,Female,Guaraní,"Rippin, Ledner and Turner",Product Management
995,Kathryne,Wermerling,kwermerlingrm@mlb.com,Female,Estonian,Kilback-Mitchell,Engineering
996,Ronni,Marston,,Female,Gujarati,"Von, Muller and Fisher",Engineering
997,Uri,Silson,usilsonro@artisteer.com,Male,Kashmiri,Cartwright-Breitenberg,Research and Development
998,Margie,McGlaughn,,Female,,Crooks LLC,Accounting
999,Zollie,Hylands,zhylandsrq@google.com.br,Male,Northern Sotho,,
1000,Barty,Mackro,bmackrorr@miitbeian.gov.cn,Male,Hungarian,Becker-Wiegand,Research and Development
